"languages","charset","n_pages_languages","n_pages_charset","n_pages","loglikelihood","prob_cs_given_lang","prob_lang_given_cs"
"aar","UTF-8","3701","2820276978","2495","1.9622129405653628","0.6741421237503378","8.846648820178398E-7"
"aar","ISO-8859-1","3701","103949213","1098","3.7252868965126633","0.29667657389894625","1.0562850533558153E-5"
"abk","UTF-8","4752","2820276978","4474","-0.8045288720541831","0.9414983164983165","1.586369010880888E-6"
"abk","x-MacCyrillic","4752","117786","232","14.213656022147328","0.04882154882154882","0.00196967381522422"
"afr","UTF-8","130382","2820276978","117263","0.1885139285915388","0.8993802825543403","4.157854030463245E-5"
"afr","ISO-8859-1","130382","103949213","8973","1.364217518285167","0.06882084950376585","8.632099985211048E-5"
"afr","windows-1252","130382","15713096","4075","3.5850586988094446","0.03125431424583148","2.593378160484732E-4"
"aka","UTF-8","939","2820276978","872","-0.4348626307593405","0.9286474973375932","3.0918948982747753E-7"
"amh","UTF-8","9290","2820276978","9245","-5.67633386992678","0.9951560818083961","3.278046827356685E-6"
"ara","UTF-8","8139081","2820276978","7119056","0.5701099489189754","0.8746756544135634","0.002524240014556471"
"ara","windows-1256","8139081","2753473","1007317","8.707072672185223","0.1237629899493567","0.36583507446777214"
"ara","windows-1252","8139081","15713096","6777","-3.598898005921465","8.326492880461566E-4","4.3129628941362036E-4"
"ara","ISO-8859-1","8139081","103949213","3823","-8.463324053513672","4.69709049461481E-4","3.677757521839054E-5"
"ara","ISO-8859-15","8139081","3548052","1245","-4.017836443847791","1.5296567266009516E-4","3.5089677377896376E-4"
"ara","windows-1254","8139081","838443","213","-4.665116366986527","2.6170030744257246E-5","2.540423141465788E-4"
"ara","US-ASCII","8139081","917488","165","-5.355784489195569","2.027255902724153E-5","1.7983886437751773E-4"
"ara","x-MacCyrillic","8139081","117786","119","-1.9060534201983836","1.4620815298434798E-5","0.0010103068276365612"
"asm","UTF-8","3497","2820276978","3492","-8.109870206923985","0.9985702030311696","1.2381762597219626E-6"
"aym","UTF-8","632","2820276978","585","-0.35860352925267225","0.9256329113924051","2.0742643526269992E-7"
"aze","UTF-8","1035278","2820276978","1030423","-5.740228277160646","0.995310438355688","3.653623413721317E-4"
"aze","windows-1251","1035278","31259368","1928","-3.360426537750989","0.0018623017199245033","6.167751056259359E-5"
"aze","EUC-JP","1035278","7893108","703","-2.638377876098697","6.790446623998578E-4","8.906504256624894E-5"
"aze","ISO-8859-15","1035278","3548052","672","-1.1323397733864988","6.491010144135199E-4","1.8939970440117563E-4"
"aze","ISO-8859-9","1035278","1190057","572","0.7283056978613557","5.525086015543651E-4","4.8064924621257635E-4"
"aze","ISO-8859-1","1035278","103949213","417","-8.774950247119287","4.0279036162267526E-4","4.011574382963342E-6"
"aze","windows-1254","1035278","838443","293","0.0913674583859322","2.830157696773234E-4","3.494572678166554E-4"
"aze","windows-1252","1035278","15713096","132","-7.354171435795496","1.2750198497408425E-4","8.40063600451496E-6"
"bak","UTF-8","24963","2820276978","24503","-3.0315987448806005","0.9815727276369026","8.688153749131514E-6"
"bak","windows-1251","24963","31259368","456","1.1724475761116917","0.018267035212113928","1.4587626979534582E-5"
"bel","UTF-8","258652","2820276978","242756","-0.712202105820972","0.9385429070720505","8.607523370706321E-5"
"bel","windows-1251","258652","31259368","15803","3.497156040859823","0.06109753645825279","5.055444499069846E-4"
"ben","UTF-8","898873","2820276978","897984","-8.845627171778789","0.999010983754101","3.184027693041715E-4"
"ben","ISO-8859-1","898873","103949213","809","-7.1680451584517195","9.000159088102546E-4","7.782646704597947E-6"
"bih","UTF-8","2516","2820276978","2516","0.189843213826044","1.0","8.921109591811163E-7"
"bis","UTF-8","2122","2820276978","1327","2.091010239179767","0.6253534401508011","4.705211616984663E-7"
"bis","ISO-8859-1","2122","103949213","733","3.88590778064112","0.34542884071630536","7.051520438158584E-6"
"blu","UTF-8","7298","2820276978","7265","-5.813321082756778","0.9954782132090984","2.575988123390624E-6"
"bod","UTF-8","22206","2820276978","22198","-10.864625247716978","0.9996397370080159","7.870858136686176E-6"
"bos","UTF-8","591405","2820276978","572308","-1.9379310393359999","0.9677090995172513","2.029261680552569E-4"
"bos","ISO-8859-1","591405","103949213","9317","-1.4734771599460477","0.01575400951970308","8.96303082159939E-5"
"bos","windows-1250","591405","4164581","5599","3.887321857655185","0.009467285531911295","0.0013444329693671465"
"bos","ISO-8859-2","591405","5794535","1507","0.618931000843753","0.0025481691903179718","2.6007263740748825E-4"
"bos","windows-1252","591405","15713096","844","-2.5265981676775633","0.0014271100176697863","5.3713157483413834E-5"
"bos","windows-1256","591405","2753473","707","0.5940973302878765","0.0011954582730954253","2.567666361718455E-4"
"bos","EUC-KR","591405","4504500","575","-0.8018161872328702","9.722609717537051E-4","1.2765012765012765E-4"
"bos","ISO-8859-9","591405","1190057","458","1.4030757286895166","7.744270001099078E-4","3.848555153240559E-4"
"bre","UTF-8","42496","2820276978","41807","-3.283084908459803","0.9837867093373494","1.4823721331671276E-5"
"bre","ISO-8859-1","42496","103949213","402","-2.481009519383444","0.009459713855421686","3.8672731461661E-6"
"bre","windows-1252","42496","15713096","191","-0.23859671677395236","0.004494540662650603","1.2155465733805738E-5"
"bul","UTF-8","3524437","2820276978","3202496","0.01562142489644791","0.9086546305126181","0.00113552534909924"
"bul","windows-1251","3524437","31259368","320530","4.210793722038529","0.09094502185739169","0.010253886131031184"
"bul","ISO-8859-1","3524437","103949213","679","-10.248015579117569","1.9265488360268606E-4","6.5320359856885115E-6"
"bul","windows-1252","3524437","15713096","351","-7.846677838218025","9.959037429240471E-5","2.2338054830187508E-5"
"cat","UTF-8","4918464","2820276978","4490785","-0.07314598598843708","0.9130462274401114","0.001592320553984964"
"cat","ISO-8859-1","4918464","103949213","347324","1.4085557146457324","0.0706163550246581","0.0033412855179576974"
"cat","windows-1252","4918464","15713096","46403","1.2317333001605681","0.009434449454138528","0.0029531417614962704"
"cat","ISO-8859-15","4918464","3548052","30504","3.3562062085515043","0.0062019362142327365","0.008597393724781936"
"cat","US-ASCII","4918464","917488","2255","0.8739789914869142","4.5847646745000067E-4","0.002457797813159409"
"cat","GB18030","4918464","3063488","438","-4.80797725195803","8.905219190381387E-5","1.429742829088934E-4"
"cat","windows-1250","4918464","4164581","406","-5.573018018262458","8.25460956916631E-5","9.748879899322405E-5"
"cat","EUC-JP","4918464","7893108","162","-8.686621769780992","3.293711207401335E-5","2.0524234560074433E-5"
"ceb","UTF-8","9593","2820276978","9307","-2.0926891686776328","0.9701865943917439","3.3000304837435013E-6"
"ceb","ISO-8859-1","9593","103949213","250","-0.4880599959775038","0.026060669237986032","2.4050206132873754E-6"
"ces","UTF-8","27627763","2820276978","25264463","-0.10203800547042433","0.914459234357845","0.008958149570797228"
"ces","windows-1250","27627763","4164581","2070355","6.534847839630103","0.07493748227100398","0.49713404541777434"
"ces","ISO-8859-2","27627763","5794535","254141","3.1014062381672614","0.009198754166234885","0.04385873931212772"
"ces","windows-1252","27627763","15713096","18310","-4.043904530176702","6.627391439545793E-4","0.0011652700397171887"
"ces","ISO-8859-1","27627763","103949213","18303","-7.76400667688726","6.624857756308392E-4","1.7607636913999532E-4"
"ces","windows-1251","27627763","31259368","1004","-11.212943504442421","3.63402567193008E-5","3.211837168301035E-5"
"ces","ISO-8859-15","27627763","3548052","567","-8.021913225081976","2.0522834222951746E-5","1.5980600058849195E-4"
"ces","UTF-16LE","27627763","29580","448","1.0486213619885554","1.621557271936928E-5","0.015145368492224476"
"cos","UTF-8","23456","2820276978","20225","0.7323449818995634","0.8622527285129604","7.171281458441207E-6"
"cos","ISO-8859-1","23456","103949213","2079","1.8272831208235574","0.08863403819918145","2.0000151420097813E-5"
"cos","windows-1252","23456","15713096","586","3.150409731354895","0.024982946793997273","3.729373256549823E-5"
"cos","ISO-8859-15","23456","3548052","522","5.892796180172705","0.02225443383356071","1.4712298466877037E-4"
"crs","UTF-8","1117","2820276978","787","1.85446822574091","0.7045658012533572","2.790506060713587E-7"
"crs","ISO-8859-1","1117","103949213","297","3.591868202031869","0.26589077887197854","2.8571644885854017E-6"
"cym","UTF-8","162434","2820276978","161091","-4.613815579606886","0.9917320265461664","5.7118857919493325E-5"
"cym","ISO-8859-1","162434","103949213","1053","-3.230775705553768","0.006482632946304345","1.0129946823166425E-5"
"cym","windows-1252","162434","15713096","206","-2.762568478925572","0.0012682073950035092","1.3110083461591528E-5"
"dan","UTF-8","8520425","2820276978","7790026","-0.09880533161513019","0.9142766939442575","0.0027621492714252124"
"dan","ISO-8859-1","8520425","103949213","535015","1.1892028255320786","0.06279205556060877","0.0051468884136717805"
"dan","windows-1252","8520425","15713096","181295","2.819369208776492","0.021277694481202522","0.011537828063928331"
"dan","ISO-8859-15","8520425","3548052","3409","-2.0963147164501796","4.0009741298116E-4","9.608089171184639E-4"
"dan","windows-1251","8520425","31259368","2148","-7.351915598724489","2.521001006405197E-4","6.871540077201817E-5"
"dan","EUC-JP","8520425","7893108","2089","-4.670462303699288","2.4517556342553337E-4","2.646612715802191E-4"
"dan","ISO-8859-2","8520425","5794535","1711","-4.452853232028771","2.008115792346039E-4","2.9527822336045947E-4"
"dan","Shift_JIS","8520425","11145787","1405","-6.151366060273172","1.6489787774670865E-4","1.260565987848144E-4"
"dan","windows-1250","8520425","4164581","679","-5.641222257326085","7.9690860491114E-5","1.6304161210935745E-4"
"dan","ISO-8859-4","8520425","42836","560","3.0987758162889545","6.572442102359917E-5","0.013073116070594826"
"dan","EUC-KR","8520425","4504500","447","-6.633868908111903","5.24621717813372E-5","9.923409923409923E-5"
"dan","GBK","8520425","15129860","435","-9.104481590441075","5.1053791330831504E-5","2.8751092211031694E-5"
"dan","US-ASCII","8520425","917488","287","-4.340335123875787","3.3683765774594576E-5","3.12810630765743E-4"
"dan","windows-1254","8520425","838443","246","-4.468453106583748","2.887179923536678E-5","2.934009825354854E-4"
"dan","GB18030","8520425","3063488","161","-7.905899453962632","1.8895771044284763E-5","5.2554473854638896E-5"
"dan","UTF-16LE","8520425","29580","135","1.0112735569477287","1.584428006818909E-5","0.004563894523326572"
"deu","UTF-8","108699507","2820276978","98371404","0.08309844127381696","0.9049848220562766","0.0348800507068494"
"deu","ISO-8859-1","108699507","103949213","8335949","1.471233865517116","0.07668801110569895","0.08019251670524913"
"deu","windows-1252","108699507","15713096","1091631","1.2858952445137521","0.010042649043477262","0.06947268698670205"
"deu","ISO-8859-15","108699507","3548052","822156","3.309131049315849","0.00756356696263581","0.23172039192210261"
"deu","ISO-8859-2","108699507","5794535","28536","-3.860573147038975","2.625218898186907E-4","0.004924640199774443"
"deu","windows-1250","108699507","4164581","23158","-3.6198243903624934","2.130460444498612E-4","0.0055607034657268045"
"deu","US-ASCII","108699507","917488","7294","-2.911487297979883","6.710242025292718E-5","0.007949967737997663"
"deu","windows-1253","108699507","193046","4197","-0.9278229477308728","3.861103068296345E-5","0.021740932213047667"
"deu","ISO-8859-9","108699507","1190057","3741","-4.757220601084138","3.441597945793811E-5","0.0031435469057364477"
"deu","windows-1251","108699507","31259368","3141","-11.61859037806444","2.8896175214483722E-5","1.0048187794455729E-4"
"deu","EUC-JP","108699507","7893108","1564","-10.275299642483771","1.4388289727937773E-5","1.9814754846886676E-4"
"deu","windows-1254","108699507","838443","1206","-6.317644033589649","1.109480652934332E-5","0.0014383804265764041"
"deu","UTF-16LE","108699507","29580","1074","0.06782470804023889","9.880449595783355E-6","0.036308316430020283"
"deu","ISO-8859-5","108699507","58429","765","-1.9245093629148962","7.037750410404346E-6","0.013092813500145475"
"deu","GB18030","108699507","3063488","761","-9.826258145620997","7.000951715447983E-6","2.484096559216161E-4"
"deu","EUC-KR","108699507","4504500","682","-10.815418968437898","6.274177490059821E-6","1.514041514041514E-4"
"deu","ISO-8859-4","108699507","42836","648","-1.639747852219946","5.96138858293074E-6","0.0151274628816883"
"deu","windows-1257","108699507","291902","292","-7.043454614617075","2.686304731814469E-6","0.0010003357291145658"
"deu","ISO-8859-7","108699507","424289","261","-8.015060960342968","2.401114845902659E-6","6.15146751388794E-4"
"deu","windows-1255","108699507","740287","248","-9.22973331679833","2.2815190872944807E-6","3.3500520743981726E-4"
"deu","GB2312","108699507","34551093","166","-17.697136961299673","1.5271458406890475E-6","4.804478978421898E-6"
"div","UTF-8","16004","2820276978","15955","-6.590236142851959","0.9969382654336416","5.657245768575004E-6"
"dzo","UTF-8","226","2820276978","224","-4.47911833000088","0.9911504424778761","7.942482307494835E-8"
"ell","UTF-8","5248477","2820276978","5028453","-1.4344903719201678","0.9580785054407212","0.0017829642404718449"
"ell","ISO-8859-7","5248477","424289","147739","9.74381602556719","0.02814892777466682","0.3482037007794216"
"ell","windows-1253","5248477","193046","60804","9.676256879850664","0.011585075060822406","0.3149715611823089"
"ell","ISO-8859-1","5248477","103949213","5132","-6.9997699828414675","9.778074668137062E-4","4.937026314956324E-5"
"ell","GBK","5248477","15129860","2332","-4.780294762488508","4.443193711242328E-4","1.5413229203707106E-4"
"ell","GB2312","5248477","34551093","2255","-6.486173109151308","4.296484484927723E-4","6.526566323097217E-5"
"ell","windows-1252","5248477","15713096","1013","-6.5225046520800145","1.9300837176194162E-4","6.446851721646708E-5"
"ell","Shift_JIS","5248477","11145787","189","-9.196032638711186","3.601044645903945E-5","1.695707983653375E-5"
"ell","EUC-JP","5248477","7893108","166","-8.767507921056879","3.162822281587592E-5","2.1031005783779975E-5"
"eng","UTF-8","1218883023","2820276978","1157002802","-0.6284475329568924","0.9492320265092412","0.4102443877056674"
"eng","ISO-8859-1","1218883023","103949213","50188853","0.08563269642145754","0.04117610308204284","0.4828209040889997"
"eng","windows-1252","1218883023","15713096","8104691","0.09054707908816491","0.006649277122633285","0.5157921137883966"
"eng","windows-1251","1218883023","31259368","847498","-4.397732568505538","6.95307083623233E-4","0.027111808530485965"
"eng","US-ASCII","1218883023","917488","824972","-1.9351082251742469","6.768262289596267E-4","0.8991638037772701"
"eng","ISO-8859-15","1218883023","3548052","393610","-1.7659260530751328","3.2292680476525104E-4","0.1109369310258136"
"eng","GB2312","1218883023","34551093","239064","-7.086927756139995","1.961336695063641E-4","0.006919144352394293"
"eng","ISO-8859-2","1218883023","5794535","198664","-3.948426824783817","1.6298856924845364E-4","0.03428471827333859"
"eng","windows-1250","1218883023","4164581","156452","-3.7727140073530596","1.2835686201857944E-4","0.03756728468001943"
"eng","EUC-JP","1218883023","7893108","150014","-5.096450768786917","1.2307497698243024E-4","0.01900569458824078"
"eng","windows-1256","1218883023","2753473","104932","-3.745498539157347","8.608865495700648E-5","0.03810896275358429"
"eng","GB18030","1218883023","3063488","67600","-4.805116669287436","5.54606133028403E-5","0.022066350512879435"
"eng","EUC-KR","1218883023","4504500","62465","-5.717137310960065","5.124773979233609E-5","0.013867243867243867"
"eng","Shift_JIS","1218883023","11145787","62066","-7.523660314274131","5.092039090612554E-5","0.005568561466319067"
"eng","GBK","1218883023","15129860","58628","-8.244546621372113","4.80997756911083E-5","0.003874986285398543"
"eng","ISO-8859-7","1218883023","424289","53326","-1.5502845358097908","4.37498914938944E-5","0.12568320177991887"
"eng","windows-1255","1218883023","740287","53004","-2.555530670259886","4.348571519975958E-5","0.07159925812556482"
"eng","ISO-8859-9","1218883023","1190057","48874","-3.60239474016232","4.0097367079334566E-5","0.041068621082855694"
"eng","Big5","1218883023","1970663","41535","-4.895101498072523","3.407628067357207E-5","0.021076663031680203"
"eng","KOI8-R","1218883023","305377","34397","-1.7398535752547224","2.822009934582541E-5","0.11263782144693281"
"eng","windows-1254","1218883023","838443","25118","-4.210322904009647","2.060739178906424E-5","0.029957910078562286"
"eng","ISO-8859-6","1218883023","20187","19659","-4.474153117425623","1.6128701137877773E-5","0.9738445534254718"
"eng","ISO-8859-8","1218883023","23827","17692","-0.4427806174467235","1.4514928558488914E-5","0.7425189910605615"
"eng","x-windows-874","1218883023","519799","16792","-4.064390550020545","1.3776547612149325E-5","0.03230479473796602"
"eng","ISO-8859-5","1218883023","58429","15165","-0.43236632652477686","1.2441718945822089E-5","0.2595457735028838"
"eng","x-MacCyrillic","1218883023","117786","14423","-1.5950603187079355","1.1832964876728782E-5","0.12245088550421952"
"eng","windows-1257","1218883023","291902","14110","-3.2918450524013743","1.1576172392057348E-5","0.048338140882899054"
"eng","UTF-16LE","1218883023","29580","12363","0.03907304980917502","1.0142892932884831E-5","0.4179513184584179"
"eng","TIS-620","1218883023","478490","12288","-4.509698739564508","1.0081361187356532E-5","0.025680787477272253"
"eng","IBM866","1218883023","15935","9827","-0.01835119157317268","8.06229951075461E-6","0.6166928145591465"
"eng","windows-1253","1218883023","193046","9438","-3.2703248181187092","7.743154857281165E-6","0.04888990188866902"
"eng","Big5-HKSCS","1218883023","23041","4920","-0.7020820370625137","4.036482506656424E-6","0.21353239876741462"
"eng","ISO-8859-3","1218883023","8076","4303","0.08503482242477106","3.53028134677695E-6","0.5328132738979693"
"eng","ISO-2022-JP","1218883023","23204","3525","-1.2321739603885997","2.89199203983006E-6","0.1519134631960007"
"eng","IBM855","1218883023","8840","2906","-0.15593851652286617","2.3841500334031643E-6","0.32873303167420814"
"eng","ISO-8859-4","1218883023","42836","2851","-2.6909025200816923","2.3390267533490783E-6","0.0665561677094033"
"eng","windows-31j","1218883023","57207","2049","-3.865329442688466","1.6810472878331327E-6","0.03581729508626567"
"eng","ISO-8859-13","1218883023","8165","518","-2.7801021074871413","4.2497925578211945E-7","0.06344151867728108"
"eng","UTF-16BE","1218883023","4458","497","-1.7578811952320312","4.077503670341957E-7","0.11148497083894122"
"eng","windows-1258","1218883023","909","389","0.05169240260137666","3.191446534734449E-7","0.42794279427942794"
"eng","KOI8-U","1218883023","5243","204","-3.7061731242739437","1.673663478369737E-7","0.038909021552546254"
"eng","IBM850","1218883023","216","123","0.054710531547097985","1.009120626664106E-7","0.5694444444444444"
"eng","IBM437","1218883023","160","106","-0.12959251724776655","8.696486701332947E-8","0.6625"
"epo","UTF-8","127202","2820276978","125981","-4.318001778765974","0.9904010943224163","4.46697260527012E-5"
"epo","ISO-8859-1","127202","103949213","695","-3.5707235319937713","0.0054637505699595915","6.685957304938903E-6"
"epo","windows-1252","127202","15713096","177","-2.5772963924451435","0.0013914875552271191","1.1264489187872333E-5"
"epo","windows-1251","127202","31259368","131","-4.54400974001352","0.001029858021100297","4.190743715611909E-6"
"epo","ISO-8859-2","127202","5794535","116","-1.4327330768587336","9.119353469285074E-4","2.0018862600709117E-5"
"est","UTF-8","3475603","2820276978","3300060","-1.0806047154496847","0.9494927930491486","0.0011701191144496163"
"est","ISO-8859-1","3475603","103949213","117912","0.023182779915514977","0.0339256238413881","0.001134323162215764"
"est","ISO-8859-4","3475603","42836","25307","10.735517222126655","0.007281326434578403","0.5907881221402559"
"est","windows-1252","3475603","15713096","11586","-0.8331729761030177","0.003333522269373113","7.373467329417449E-4"
"est","windows-1257","3475603","291902","10472","6.8553940716824595","0.0030130023480817573","0.03587505395646484"
"est","ISO-8859-15","3475603","3548052","9248","1.6819803513818223","0.0026608332424618115","0.0026065006939018933"
"est","EUC-JP","3475603","7893108","318","-6.644341059876878","9.149491469537804E-5","4.028831228459056E-5"
"est","windows-1251","3475603","31259368","298","-9.511693753913665","8.574051754472533E-5","9.533142192766022E-6"
"est","ISO-8859-13","3475603","8165","241","6.484044710008211","6.934048566536511E-5","0.029516227801592163"
"eus","UTF-8","636458","2820276978","557408","0.5563800577135586","0.8757969889607798","1.9764299902036076E-4"
"eus","ISO-8859-1","636458","103949213","65566","2.095426316766715","0.10301700976340937","6.307503261232002E-4"
"eus","windows-1252","636458","15713096","9885","2.218243175449879","0.015531268363348406","6.290930826108362E-4"
"eus","ISO-8859-15","636458","3548052","3544","3.1544357028308787","0.00556831715525612","9.988579648776287E-4"
"fao","UTF-8","86207","2820276978","81504","-0.9358451335211743","0.9454452654656814","2.889928919598478E-5"
"fao","ISO-8859-1","86207","103949213","3738","0.4943323294127889","0.04336074796710244","3.5959868209872837E-5"
"fao","windows-1252","86207","15713096","951","1.5439570714750384","0.011031586762095886","6.0522763941619146E-5"
"fas","UTF-8","10777149","2820276978","10767185","-8.974620189763932","0.9990754512162725","0.003817775730536776"
"fas","windows-1256","10777149","2753473","5445","-1.1239077818709498","5.052356611196523E-4","0.0019775025939967454"
"fas","windows-1252","10777149","15713096","2939","-5.828025316182574","2.727066314105892E-4","1.8704143346416264E-4"
"fas","ISO-8859-1","10777149","103949213","1232","-11.287212483162197","1.1431594756646678E-4","1.1851941582280185E-5"
"fas","UTF-16LE","10777149","29580","192","1.2433717518239855","1.78154723480208E-5","0.006490872210953347"
"fij","UTF-8","506","2820276978","456","0.15632000977738064","0.9011857707509882","1.61686246974002E-7"
"fin","UTF-8","8937347","2820276978","8270936","-0.3528032150755842","0.9254352550035262","0.0029326679842152726"
"fin","ISO-8859-1","8937347","103949213","582182","1.2569962609586847","0.06514035988532167","0.005600638842739483"
"fin","windows-1252","8937347","15713096","59277","0.5335607925128132","0.0066325051494587825","0.0037724583366638884"
"fin","ISO-8859-15","8937347","3548052","19864","1.3204444424303599","0.0022225835026882137","0.0055985650717633225"
"fin","EUC-KR","8937347","4504500","3410","-2.667299363955403","3.81544993161841E-4","7.57020757020757E-4"
"fin","US-ASCII","8937347","917488","670","-2.7409373441556673","7.496631830452594E-5","7.3025478262386E-4"
"fin","windows-1251","8937347","31259368","284","-11.49327151863501","3.177676775893338E-5","9.085276452166276E-6"
"fin","ISO-8859-2","8937347","5794535","281","-8.160254927969817","3.144109767697282E-5","4.849396888620053E-5"
"fin","ISO-8859-4","8937347","42836","199","0.9513288372854987","2.2266115436717405E-5","0.0046456251750863755"
"fra","UTF-8","80699516","2820276978","74139550","-0.19071009536374336","0.9187112101143209","0.026288038578599494"
"fra","ISO-8859-1","80699516","103949213","5379323","1.253391671640867","0.06665867735811451","0.051749530802123536"
"fra","windows-1252","80699516","15713096","606964","0.7591362507395634","0.007521284266438475","0.03862790630185165"
"fra","ISO-8859-15","80699516","3548052","543949","3.2559183416384028","0.00674042456462812","0.1533091961448141"
"fra","windows-1256","80699516","2753473","6767","-4.670184002764707","8.38542823478644E-5","0.002457623517644807"
"fra","ISO-8859-2","80699516","5794535","3826","-7.29318169960846","4.7410445435633096E-5","6.602773130199404E-4"
"fra","US-ASCII","80699516","917488","3673","-3.6985044778105123","4.551452328412974E-5","0.004003322114294683"
"fra","windows-1253","80699516","193046","3068","-0.9655062062842518","3.8017576214459575E-5","0.01589258518695026"
"fra","windows-1250","80699516","4164581","2999","-7.120789064638885","3.7162552499075706E-5","7.201204634992092E-4"
"fra","windows-1251","80699516","31259368","2584","-11.431688642671412","3.202001855872345E-5","8.266321955069597E-5"
"fra","windows-1254","80699516","838443","1614","-5.158736024704854","2.0000119951153114E-5","0.0019249966902937946"
"fra","GB18030","80699516","3063488","1402","-8.02755238556988","1.7373090564756298E-5","4.576482754298368E-4"
"fra","ISO-8859-9","80699516","1190057","1295","-6.297660915416307","1.604718422350885E-5","0.001088183171058193"
"fra","EUC-JP","80699516","7893108","478","-12.068659284524928","5.923207767441877E-6","6.055916123281222E-5"
"fra","Shift_JIS","80699516","11145787","465","-12.811863333473841","5.762116342804336E-6","4.171979959782113E-5"
"fra","ISO-8859-5","80699516","58429","374","-2.7651466910402296","4.634476370341552E-6","0.006400931044515566"
"fra","UTF-16LE","80699516","29580","360","-1.491687317034907","4.46099329765497E-6","0.012170385395537525"
"fra","GB2312","80699516","34551093","188","-16.87093262349673","2.3296298332198176E-6","5.4412171562850415E-6"
"fra","EUC-KR","80699516","4504500","172","-12.993144684711682","2.1313634644351522E-6","3.8184038184038185E-5"
"fry","UTF-8","31575","2820276978","28982","-0.17704497313018044","0.9178780680918448","1.0276295635527468E-5"
"fry","ISO-8859-1","31575","103949213","1969","1.1809333615525748","0.06235946159936659","1.8941942350251367E-5"
"fry","windows-1252","31575","15713096","512","2.303859397541778","0.016215360253365004","3.2584285108421665E-5"
"gla","UTF-8","14968","2820276978","14268","-1.227530421750702","0.9532335649385355","5.0590775697917994E-6"
"gla","ISO-8859-1","14968","103949213","438","-0.26289169336006535","0.02926242650988776","4.2135961144794815E-6"
"gla","windows-1251","14968","31259368","163","0.15290743337351345","0.010889898450026725","5.214436836982757E-6"
"gle","UTF-8","67880","2820276978","66526","-2.8761878948752284","0.9800530347672363","2.3588463303053635E-5"
"gle","ISO-8859-1","67880","103949213","1021","-1.5647982764775215","0.01504124926340601","9.82210418466564E-6"
"gle","GB2312","67880","34551093","171","-2.9561251422321897","0.002519151443724219","4.949192200663522E-6"
"gle","windows-1252","67880","15713096","115","-2.1842982398215733","0.001694166175604007","7.318735913024397E-6"
"glg","UTF-8","915494","2820276978","782662","0.8188317302688319","0.8549067497984695","2.7751245927448763E-4"
"glg","ISO-8859-1","915494","103949213","116793","2.4667312238595476","0.12757374706988794","0.0011235582899506897"
"glg","windows-1252","915494","15713096","8206","1.1325370428752273","0.008963466718514813","5.2223953828068E-4"
"glg","ISO-8859-15","915494","3548052","5806","3.4119646217896076","0.006341931241493664","0.0016363908984423"
"glg","windows-1251","915494","31259368","1841","-3.207221034507223","0.0020109361721649733","5.889434488886659E-5"
"glv","UTF-8","2657","2820276978","2251","0.9045882411656911","0.8471960858110651","7.981485568826283E-7"
"glv","ISO-8859-1","2657","103949213","281","2.142648612697425","0.10575837410613474","2.7032431693350096E-6"
"grn","UTF-8","12700","2820276978","11284","0.3694689813019512","0.888503937007874","4.0010254624005235E-6"
"grn","ISO-8859-1","12700","103949213","1192","1.9303350833460136","0.09385826771653544","1.1467138284154205E-5"
"grn","windows-1252","12700","15713096","179","2.0278461858898083","0.014094488188976378","1.1391771551577105E-5"
"guj","UTF-8","15503","2820276978","15230","-3.1207245121237244","0.9823905050635361","5.400178818890462E-6"
"guj","UTF-16LE","15503","29580","219","14.55761472759746","0.014126298135844675","0.007403651115618661"
"hat","UTF-8","12599","2820276978","11881","-0.8537224359619963","0.9430113501071513","4.212706798899381E-6"
"hat","ISO-8859-1","12599","103949213","667","0.8734502007604253","0.05294070958012541","6.416594996250717E-6"
"hau","UTF-8","16047","2820276978","15390","-1.4813541007934945","0.9590577678070668","5.456910835372567E-6"
"hau","ISO-8859-1","16047","103949213","517","-0.07655755043300064","0.032217860036143825","4.973582628278292E-6"
"haw","UTF-8","6278","2820276978","6112","-2.325795046154525","0.9735584581076776","2.167163029616448E-6"
"haw","ISO-8859-1","6278","103949213","119","-1.1102315927853719","0.01895508123606244","1.1447898119247906E-6"
"heb","UTF-8","5328516","2820276978","4891588","-0.17950286292518342","0.9180019352480128","0.0017344353189979484"
"heb","windows-1255","5328516","740287","431327","9.740253855420363","0.08094692781254668","0.5826483512475567"
"heb","windows-1251","5328516","31259368","4241","-5.055867739595438","7.959064024580202E-4","1.356713289916802E-4"
"heb","ISO-8859-8","5328516","23827","546","5.137852180088812","1.0246755381798609E-4","0.022915180257690855"
"heb","ISO-8859-1","5328516","103949213","521","-11.603144464630343","9.777581600580724E-5","5.01206295809089E-6"
"heb","windows-1252","5328516","15713096","216","-9.643103163619918","4.053661469722527E-5","1.3746495280115389E-5"
"hin","UTF-8","423010","2820276978","421422","-6.183692574478078","0.9962459516323491","1.4942574906201287E-4"
"hin","ISO-8859-1","423010","103949213","1075","-5.0955887434689995","0.0025413110801163095","1.0341588637135713E-5"
"hin","windows-1252","423010","15713096","497","-2.915071692987994","0.0011749131226212147","3.1629667380635874E-5"
"hrv","UTF-8","3961847","2820276978","3726930","-0.7784875591276427","0.9407051811945287","0.0013214765886728449"
"hrv","windows-1250","3961847","4164581","121723","6.143936648962625","0.030723801297728056","0.02922815044298574"
"hrv","ISO-8859-2","3961847","5794535","90813","4.942247098276784","0.022921884666419475","0.015672180770329284"
"hrv","ISO-8859-1","3961847","103949213","11046","-4.908708322301018","0.0027880935331424965","1.0626343077748939E-4"
"hrv","windows-1252","3961847","15713096","6427","-2.2692397213869078","0.001622223170152709","4.090218757652852E-4"
"hrv","EUC-KR","3961847","4504500","4193","-0.6317469768204276","0.0010583447568772847","9.308469308469308E-4"
"hrv","EUC-JP","3961847","7893108","365","-6.630233779109596","9.212874702127569E-5","4.624287416313067E-5"
"hrv","windows-1251","3961847","31259368","107","-11.821667402405804","2.700760529116849E-5","3.422973874583773E-6"
"hun","UTF-8","12244187","2820276978","11083763","0.08143073639858313","0.9052265372947995","0.0039300264074984765"
"hun","ISO-8859-2","12244187","5794535","969559","6.974316723373054","0.07918524929421611","0.16732300348518042"
"hun","windows-1250","12244187","4164581","139120","4.190724491926562","0.011362126370660624","0.03340552146782594"
"hun","ISO-8859-1","12244187","103949213","36808","-4.75384316284642","0.003006161209396753","3.5409599493552683E-4"
"hun","windows-1252","12244187","15713096","13491","-3.0374164585835035","0.0011018289740266137","8.585831843705403E-4"
"hun","GB18030","12244187","3063488","768","-5.504375212904108","6.272364183918459E-5","2.506946330457309E-4"
"hun","UTF-16LE","12244187","29580","251","1.520965463998741","2.049952356983767E-5","0.008485463150777552"
"hun","ISO-8859-15","12244187","3548052","214","-8.352909259150271","1.7477681449981122E-5","6.0314786818231525E-5"
"hye","UTF-8","524052","2820276978","523736","-9.834676908488316","0.9993970064039447","1.8570374615170155E-4"
"hye","windows-1252","524052","15713096","189","-5.275414285647666","3.606512330837398E-4","1.2028183370100966E-5"
"hye","windows-1251","524052","31259368","115","-7.63429299709351","2.194438719821697E-4","3.6788971549264847E-6"
"ibo","UTF-8","1988","2820276978","1957","-3.3597911655961723","0.9844064386317908","6.939034765967586E-7"
"iku","UTF-8","1145","2820276978","1096","-1.396718698183634","0.9572052401746725","3.8861431290242584E-7"
"ile","UTF-8","4776","2820276978","3659","1.5546900020678902","0.7661222780569514","1.2973903019251609E-6"
"ile","ISO-8859-1","4776","103949213","942","3.173296514657967","0.1972361809045226","9.06211767086683E-6"
"ile","windows-1252","4776","15713096","134","3.376225404093912","0.028056951423785594","8.527918368219733E-6"
"ina","UTF-8","14176","2820276978","11364","1.3159165835059687","0.8016365688487584","4.029391470641576E-6"
"ina","windows-1251","14176","31259368","1503","4.502232791637259","0.10602426636568849","4.808158629438701E-5"
"ina","ISO-8859-1","14176","103949213","1043","1.4876537846289684","0.07357505643340857","1.003374599863493E-5"
"ina","windows-1252","14176","15713096","199","2.019900810060392","0.014037810383747178","1.2664595188624825E-5"
"ind","UTF-8","6765309","2820276978","6593439","-2.400850109798361","0.9745953954209631","0.0023378693126360015"
"ind","ISO-8859-1","6765309","103949213","143829","-0.8839037803166069","0.021259782812581066","0.0013836468391540395"
"ind","windows-1252","6765309","15713096","17999","-1.2815638418494544","0.0026604845395827447","0.0011454776321610967"
"ind","windows-1256","6765309","2753473","3025","-1.3689580854635","4.471340481269961E-4","0.001098612552220414"
"ind","US-ASCII","6765309","917488","2726","0.6160013164468738","4.029379884939476E-4","0.002971156026018869"
"ind","Shift_JIS","6765309","11145787","1472","-5.598128046869275","2.175806012703928E-4","1.3206783872686604E-4"
"ind","GB18030","6765309","3063488","634","-4.704885484491008","9.371338397107952E-5","2.0695364238410596E-4"
"ind","EUC-KR","6765309","4504500","633","-5.478026443058947","9.356557106260778E-5","1.4052614052614053E-4"
"ind","windows-1251","6765309","31259368","551","-9.612394960829318","8.144491256792558E-5","1.7626715933604288E-5"
"ind","GB2312","6765309","34551093","449","-10.219878637872535","6.636799590380868E-5","1.2995247357297785E-5"
"ind","EUC-JP","6765309","7893108","308","-8.038109966443148","4.552637580929415E-5","3.9021384225326703E-5"
"ipk","UTF-8","658","2820276978","499","1.5996353169528899","0.7583586626139818","1.7693297640356798E-7"
"isl","UTF-8","934694","2820276978","827734","0.414708655132516","0.8855668272183196","2.934938683174969E-4"
"isl","ISO-8859-1","934694","103949213","82264","1.813633317402521","0.08801169152685263","7.913864629258906E-4"
"isl","windows-1252","934694","15713096","24604","3.2497030763344212","0.02632305332012402","0.0015658276382961066"
"ita","UTF-8","37628771","2820276978","34069315","0.07738211895589177","0.9054059990425943","0.012080130875712875"
"ita","ISO-8859-1","37628771","103949213","2690063","1.4075939747063233","0.07148952592684996","0.025878627864166705"
"ita","windows-1252","37628771","15713096","764680","2.6720123491158265","0.02032168417087021","0.04866513893888257"
"ita","ISO-8859-15","37628771","3548052","86651","1.3716267890252476","0.0023027858124837508","0.024422133610217663"
"ita","US-ASCII","37628771","917488","3450","-2.3257607440979196","9.168516293024825E-5","0.0037602671642571893"
"ita","ISO-8859-2","37628771","5794535","3366","-6.0516339757169835","8.945282852846828E-5","5.808921682240248E-4"
"ita","EUC-KR","37628771","4504500","2965","-5.802610269786186","7.879608930092349E-5","6.582306582306582E-4"
"ita","windows-1251","37628771","31259368","2670","-9.86838939607383","7.095634348514864E-5","8.541439481438013E-5"
"ita","windows-1250","37628771","4164581","2244","-6.202861939550604","5.963521901897886E-5","5.388297166029428E-4"
"ita","ISO-8859-9","37628771","1190057","1424","-4.610383377597228","3.7843383192079274E-5","0.0011965813402215189"
"ita","ISO-8859-4","37628771","42836","613","0.3255302250446566","1.6290726051084687E-5","0.014310393127276123"
"ita","UTF-16LE","37628771","29580","256","-0.6688304129868742","6.8033048435198695E-6","0.008654496281271129"
"ita","Shift_JIS","37628771","11145787","154","-13.524261071776156","4.092613069929921E-6","1.3816879866805279E-5"
"ita","GB18030","37628771","3063488","144","-11.080750837409514","3.8268589744799265E-6","4.700524369607454E-5"
"ita","IBM866","37628771","15935","106","-1.1911110787340664","2.816993411769946E-6","0.006652023846877942"
"jav","UTF-8","17039","2820276978","16644","-2.5822163372434623","0.9768178883737308","5.901548014551073E-6"
"jav","ISO-8859-1","17039","103949213","302","-1.2420199252528257","0.01772404483831211","2.905264900851149E-6"
"jpn","UTF-8","64194459","2820276978","54506179","0.8586510450743853","0.8490791861023395","0.01932653403377886"
"jpn","Shift_JIS","64194459","11145787","6517226","4.763410912254091","0.10152318598089595","0.5847255110832461"
"jpn","EUC-JP","64194459","7893108","3010223","4.819486351592786","0.046892255918848075","0.38137359833414164"
"jpn","GBK","64194459","15129860","100009","-2.2480480601223425","0.001557907046151756","0.006610041335478319"
"jpn","windows-31j","64194459","57207","32458","4.986829341002916","5.05619963243245E-4","0.5673781180624748"
"jpn","GB18030","64194459","3063488","12873","-3.1542098349438863","2.0053132623175469E-4","0.0042020729312469965"
"jpn","ISO-2022-JP","64194459","23204","6222","4.540041253665371","9.692425322877166E-5","0.2681434235476642"
"jpn","UTF-16BE","64194459","4458","2860","4.857287955594019","4.4552131828075694E-5","0.6415432929564827"
"jpn","ISO-8859-1","64194459","103949213","2354","-13.527453250104573","3.666983158156999E-5","2.2645674094713924E-5"
"jpn","UTF-16LE","64194459","29580","1704","1.9700863011023426","2.6544347075189154E-5","0.05760649087221095"
"jpn","GB2312","64194459","34551093","1337","-12.50069431318317","2.0827342746201818E-5","3.869631562741011E-5"
"jpn","windows-1252","64194459","15713096","519","-12.829315544901776","8.084809936633316E-6","3.302977338138837E-5"
"jpn","EUC-KR","64194459","4504500","156","-12.741666844659463","2.4301162815314013E-6","3.463203463203463E-5"
"jpn","Big5","64194459","1970663","152","-11.141890220665102","2.367805607645981E-6","7.713140196979392E-5"
"kal","UTF-8","17637","2820276978","17113","-2.09940427886295","0.9702897318138005","6.067843737864246E-6"
"kal","ISO-8859-1","17637","103949213","475","-0.4240721284682326","0.026932017916879287","4.569539165246013E-6"
"kan","UTF-8","28865","2820276978","28792","-6.971464310028903","0.9974709856227265","1.0208926365954968E-5"
"kat","UTF-8","815870","2820276978","815503","-10.4202902006823","0.9995501734344933","2.8915706023254287E-4"
"kat","windows-1251","815870","31259368","171","-7.725955878250173","2.0959221444592888E-4","5.470360117325468E-6"
"kat","windows-1252","815870","15713096","159","-6.505905425816712","1.9488398887077598E-4","1.0118947914529383E-5"
"kaz","UTF-8","365945","2820276978","365557","-8.706942521920991","0.9989397313803987","1.2961741093218257E-4"
"kaz","windows-1251","365945","31259368","379","-4.532620259825259","0.0010356747598682862","1.212436540623598E-5"
"kha","UTF-8","2172","2820276978","1924","0.4110007853372471","0.8858195211786372","6.822024981973242E-7"
"kha","ISO-8859-1","2172","103949213","142","1.2690275108521711","0.06537753222836096","1.3660517083472292E-6"
"khm","UTF-8","73495","2820276978","73486","-13.022263380013909","0.9998775426899789","2.6056306020025244E-5"
"kin","UTF-8","19582","2820276978","18828","-1.5990370624349308","0.9614952507404759","6.675940039531819E-6"
"kin","ISO-8859-1","19582","103949213","370","-1.1164649067456782","0.01889490348279032","3.5594305076653156E-6"
"kin","windows-1252","19582","15713096","308","2.243926691560324","0.015728730466755183","1.9601484010534906E-5"
"kir","UTF-8","65794","2820276978","65527","-6.028731713735855","0.9959418791987111","2.3234242775143486E-5"
"kir","windows-1251","65794","31259368","262","-1.845186800717003","0.003982126029729155","8.381487431223818E-6"
"kor","UTF-8","9109844","2820276978","7044633","1.5030126826566534","0.7732989719692236","0.0024978514716649225"
"kor","EUC-KR","9109844","4504500","2056662","8.370943571407414","0.2257625926415425","0.4565794205794206"
"kor","ISO-8859-1","9109844","103949213","7341","-7.383933465448125","8.058315817482714E-4","7.062102528857049E-5"
"kor","x-IBM949","9109844","1034","546","8.887184908008923","5.993516464167773E-5","0.528046421663443"
"kor","x-windows-949","9109844","1656","357","8.111648395553273","3.9188376881096974E-5","0.21557971014492755"
"kur","UTF-8","88964","2820276978","88746","-7.034405543329585","0.9975495706128321","3.14671220920061E-5"
"kur","windows-1252","88964","15713096","149","-2.20720263964395","0.001674834764623893","9.482536096005523E-6"
"lao","UTF-8","25278","2820276978","25276","-13.895793597517212","0.9999208798164412","8.96224030376069E-6"
"lat","UTF-8","129057","2820276978","97218","1.6275848371145283","0.7532950556730746","3.447108236473361E-5"
"lat","ISO-8859-1","129057","103949213","17978","2.616917903647438","0.13930278869026863","1.7294984234272174E-4"
"lat","windows-1251","129057","31259368","5538","2.8294185897235344","0.04291127176363932","1.7716289081724237E-4"
"lat","windows-1252","129057","15713096","3052","3.0431101765439","0.023648465406758253","1.9423288701348227E-4"
"lat","GBK","129057","15129860","2963","3.06059980994894","0.022958847640964845","1.9583789935928025E-4"
"lat","windows-1250","129057","4164581","1008","3.50782415926988","0.007810502336177038","2.4204115612110798E-4"
"lat","Shift_JIS","129057","11145787","669","0.7292186563403787","0.0051837560147841655","6.002267942138137E-5"
"lat","ISO-8859-2","129057","5794535","174","-0.6516508342466054","0.0013482414746972269","3.0028293901063674E-5"
"lat","GB2312","129057","34551093","159","-4.38405049292389","0.0012320137613612589","4.601880467283625E-6"
"lav","UTF-8","2601571","2820276978","2507888","-1.7269115278486327","0.9639898353725499","8.892346459454735E-4"
"lav","windows-1257","2601571","291902","85371","10.951223406098112","0.032815172063341724","0.29246459428164245"
"lav","windows-1251","2601571","31259368","3479","-4.020840179175464","0.0013372689040583555","1.1129463653903688E-4"
"lav","ISO-8859-1","2601571","103949213","1383","-8.219293048856922","5.316018667182252E-4","1.330457403270576E-5"
"lav","windows-1252","2601571","15713096","853","-5.464633747557858","3.278788086121809E-4","5.428592812008531E-5"
"lav","Big5","2601571","1970663","768","-1.5318109592534173","2.9520624268951335E-4","3.8971655732106405E-4"
"lav","ISO-8859-2","2601571","5794535","572","-4.275002941957227","2.1986714950312714E-4","9.871370178970357E-5"
"lav","GB18030","2601571","3063488","460","-3.437884983020316","1.7681623911090644E-4","1.5015563958468257E-4"
"lav","windows-1250","2601571","4164581","325","-4.7458523420487095","1.2492451676314042E-4","7.803906323349216E-5"
"lav","ISO-8859-4","2601571","42836","163","3.0179796265661114","6.26544499458212E-5","0.0038052105705481372"
"lav","EUC-JP","2601571","7893108","149","-7.581697862894019","5.727308614679361E-5","1.8877228083031424E-5"
"lin","UTF-8","1507","2820276978","1166","1.508362666081699","0.7737226277372263","4.134345701133472E-7"
"lin","ISO-8859-1","1507","103949213","130","1.7782948885244585","0.08626410086264101","1.2506107189094352E-6"
"lin","windows-1255","1507","740287","129","11.585484090478086","0.0856005308560053","1.7425674096667915E-4"
"lit","UTF-8","4928109","2820276978","4797736","-2.3227817138980833","0.9735450250795995","0.0017011577364299572"
"lit","windows-1257","4928109","291902","119836","10.005655306093727","0.02431683227785749","0.4105350425827846"
"lit","ISO-8859-13","4928109","8165","5012","10.011217992232572","0.0010170229595165205","0.6138395590936926"
"lit","ISO-8859-1","4928109","103949213","2936","-7.9900937613962695","5.957660433241229E-4","2.8244562082446934E-5"
"lit","windows-1251","4928109","31259368","604","-8.796271596275067","1.2256222417158388E-4","1.9322207665874753E-5"
"lit","windows-1252","4928109","15713096","580","-7.511826673082518","1.176922020190706E-4","3.691188547438391E-5"
"lit","ISO-8859-2","4928109","5794535","523","-5.7300538273532","1.061258994068516E-4","9.025745810492128E-5"
"lit","EUC-KR","4928109","4504500","390","-5.8140173985687165","7.913785997834057E-5","8.658008658008658E-5"
"lit","EUC-JP","4928109","7893108","351","-7.144278241625333","7.122407398050652E-5","4.446917488016127E-5"
"ltz","UTF-8","38442","2820276978","31484","1.1755534531966179","0.8190000520264294","1.11634425432664E-5"
"ltz","ISO-8859-1","38442","103949213","5683","2.716037185254763","0.1478330992144009","5.467092858124861E-5"
"ltz","windows-1252","38442","15713096","920","3.066590504740606","0.0239321575360283","5.854988730419518E-5"
"ltz","windows-1255","38442","740287","303","6.977968242058799","0.007882004058061495","4.0930071715429285E-4"
"lug","UTF-8","1682","2820276978","1586","-0.8508827298329853","0.9429250891795482","5.623561133788753E-7"
"mal","UTF-8","73152","2820276978","68441","-0.6249659990426085","0.9355998468941382","2.426747462532384E-5"
"mal","UTF-16","73152","92256","4638","15.094831175323216","0.06340223097112861","0.05027315296566077"
"mar","UTF-8","63536","2820276978","63489","-9.426437047872998","0.999260261898766","2.251161871520266E-5"
"mfe","UTF-8","1368","2820276978","708","2.2183791104771817","0.5175438596491229","2.510391729333189E-7"
"mfe","ISO-8859-1","1368","103949213","582","4.041831390752551","0.42543859649122806","5.598887987733009E-6"
"mkd","UTF-8","70865","2820276978","69813","-3.4566104377781937","0.9851548719396035","2.4753951666657898E-5"
"mkd","windows-1251","70865","31259368","986","0.6368554513449706","0.013913779722006633","3.154254430223925E-5"
"mlg","UTF-8","50151","2820276978","49314","-3.2261413617703636","0.9833104025841958","1.7485516629991086E-5"
"mlg","ISO-8859-1","50151","103949213","720","-1.656581325082838","0.014356642938326255","6.926459366267641E-6"
"mlt","UTF-8","37108","2820276978","36725","-4.174401277605577","0.9896787754662068","1.3021770658158384E-5"
"mlt","ISO-8859-1","37108","103949213","186","-3.7423054623541274","0.005012396248787324","1.7893353362858072E-6"
"mlt","windows-1252","37108","15713096","136","-0.6450096233874764","0.003664977902339118","8.655200731924505E-6"
"mon","UTF-8","338679","2820276978","338566","-11.017876797779506","0.9996663507332902","1.200470743267543E-4"
"mri","UTF-8","6141","2820276978","6055","-3.5715594943194318","0.9859957661618629","2.1469522487446978E-6"
"msa","UTF-8","1701269","2820276978","1669081","-2.979057695292754","0.981080005572311","5.918145675123119E-4"
"msa","ISO-8859-1","1701269","103949213","25909","-1.539785963604661","0.01522922007042978","2.4924671627865044E-4"
"msa","GB2312","1701269","34551093","2786","-3.81484555611139","0.0016376011083491205","8.063420743303258E-5"
"msa","windows-1252","1701269","15713096","2554","-2.4249810286818247","0.001501232315406911","1.62539578450994E-4"
"msa","GB18030","1701269","3063488","522","-2.3364016818320024","3.0682978411997164E-4","1.703940083982702E-4"
"msa","US-ASCII","1701269","917488","150","-2.4200596182913534","8.816947819539415E-5","1.634898767068343E-4"
"mya","UTF-8","114239","2820276978","114118","-8.7091337960539","0.9989408170589729","4.0463401605656054E-5"
"mya","ISO-8859-1","114239","103949213","101","-7.204147511722352","8.841113805267903E-4","9.716283277680995E-7"
"nau","UTF-8","571","2820276978","422","1.7017808612557523","0.7390542907180385","1.496306934715545E-7"
"nep","UTF-8","145452","2820276978","145261","-8.279765667234415","0.9986868520199104","5.150593403879497E-5"
"nep","Big5","145452","1970663","144","0.8859442386466951","9.900173253031927E-4","7.30718544976995E-5"
"nld","UTF-8","28188992","2820276978","26810579","-1.1352509426502757","0.951101018440106","0.009506363810767525"
"nld","ISO-8859-1","28188992","103949213","1057729","0.21518674229812249","0.03752276775274547","0.010175440193087368"
"nld","windows-1252","28188992","15713096","264557","1.2084567237260508","0.009385117424560623","0.0168367201473217"
"nld","ISO-8859-15","28188992","3548052","46090","0.7051817344879722","0.0016350354067289814","0.01299022674977706"
"nld","windows-1250","28188992","4164581","2104","-5.7601343338985815","7.463906478103225E-5","5.052128893639E-4"
"nld","US-ASCII","28188992","917488","1732","-3.128617301112668","6.144242404978511E-5","0.0018877631097082468"
"nld","ISO-8859-2","28188992","5794535","1247","-7.465249007431667","4.423712632221826E-5","2.1520277295762301E-4"
"nld","windows-1255","28188992","740287","1072","-3.6581017358331573","3.802902920402404E-5","0.001448087025707597"
"nld","ISO-8859-3","28188992","8076","1059","5.075088156252566","3.7567856275243894E-5","0.1311292719167905"
"nld","windows-1251","28188992","31259368","595","-12.299118187057053","2.1107530201860358E-5","1.9034293975489203E-5"
"nld","GB18030","28188992","3063488","488","-8.068470360389357","1.7311722249593033E-5","1.592955480811415E-4"
"nld","UTF-16LE","28188992","29580","383","0.6997120568207781","1.35868639786765E-5","0.012947937795807978"
"nld","ISO-8859-8","28188992","23827","380","1.1104505631617112","1.3480439456650313E-5","0.015948293952239057"
"nld","EUC-JP","28188992","7893108","202","-11.722058295249289","7.165917816429903E-6","2.559194679712985E-5"
"nld","ISO-8859-9","28188992","1190057","104","-9.27024065770862","3.689383430241138E-6","8.739077203865026E-5"
"nld","Shift_JIS","28188992","11145787","100","-13.816271261012652","3.547484067539556E-6","8.971999913509921E-6"
"nno","UTF-8","401333","2820276978","380267","-1.0085649575913864","0.9475099231809994","1.3483321069750618E-4"
"nno","ISO-8859-1","401333","103949213","13457","6.113905801089926E-4","0.03353075874647737","1.2945744957203284E-4"
"nno","windows-1252","401333","15713096","6750","2.3751737274928986","0.01681895084630469","4.295779775036059E-4"
"nno","US-ASCII","401333","917488","357","2.1999246409097144","8.895356225378924E-4","3.891059065622657E-4"
"nno","ISO-8859-15","401333","3548052","282","-0.9740708373877293","7.026583909122848E-4","7.948023309692192E-5"
"nor","UTF-8","6676599","2820276978","6314257","-0.9441569978047589","0.9457295548227473","0.002238878326226581"
"nor","ISO-8859-1","6676599","103949213","303506","0.582950231454182","0.04545817413925862","0.0029197527450255923"
"nor","windows-1252","6676599","15713096","49768","0.7652218423805908","0.007454094517283425","0.0031672943384295493"
"nor","ISO-8859-15","6676599","3548052","7827","0.048493082221252946","0.001172303443714382","0.0022059992356369073"
"nor","EUC-KR","6676599","4504500","312","-6.866383734761059","4.6730378745226426E-5","6.926406926406926E-5"
"nor","ISO-8859-5","6676599","58429","256","1.4165143606748927","3.834287486787809E-5","0.004381385955604238"
"nor","windows-1251","6676599","31259368","213","-11.48681808189485","3.190247010491419E-5","6.813957339124707E-6"
"nso","UTF-8","244","2820276978","230","-0.8409644883388582","0.9426229508196722","8.155227369302732E-8"
"nya","UTF-8","2549","2820276978","2360","-0.3640624392864039","0.9258532757944292","8.36797243111063E-7"
"nya","ISO-8859-1","2549","103949213","134","0.8601694736542973","0.05256963515103962","1.2890910487220331E-6"
"oci","UTF-8","47403","2820276978","45036","-1.1031236379506297","0.950066451490412","1.5968644339300777E-5"
"oci","ISO-8859-1","47403","103949213","2027","0.46773745045108456","0.042761006687340467","1.9499907132534038E-5"
"oci","windows-1252","47403","15713096","307","0.4880037038933989","0.006476383351264688","1.953784282868252E-5"
"ori","UTF-8","3316","2820276978","3308","-7.065539911179779","0.9975874547647768","1.1729344407675408E-6"
"orm","UTF-8","2931","2820276978","2778","-1.019111068674471","0.9477993858751279","9.850096361705648E-7"
"orm","ISO-8859-1","2931","103949213","122","0.41622080060970984","0.04162401910610713","1.1736500592842391E-6"
"pan","UTF-8","26791","2820276978","26735","-7.351673797835112","0.9979097458101601","9.479565379056894E-6"
"pol","UTF-8","40477839","2820276978","37679434","-0.4876313316322882","0.9308657510100774","0.013360189192027649"
"pol","ISO-8859-2","40477839","5794535","2603420","5.782959744440231","0.06431716871051342","0.44928885579257005"
"pol","windows-1250","40477839","4164581","154657","2.036878567910476","0.0038207820333491615","0.03713626893077599"
"pol","ISO-8859-1","40477839","103949213","24731","-7.91781925007855","6.109762924843888E-4","2.379142591488403E-4"
"pol","windows-1252","40477839","15713096","10007","-6.005876381482406","2.472216958024859E-4","6.368573067968273E-4"
"pol","windows-1251","40477839","31259368","1701","-10.914124170881411","4.2022994359950884E-5","5.4415687482869135E-5"
"pol","GB18030","40477839","3063488","1433","-6.630342991367944","3.540208754721318E-5","4.6776745983663064E-4"
"pol","ISO-8859-15","40477839","3548052","1161","-7.34440588440383","2.8682361229807748E-5","3.272218107288168E-4"
"pol","Shift_JIS","40477839","11145787","450","-11.523855377441002","1.1117194275119282E-5","4.0373999610794646E-5"
"pol","UTF-16LE","40477839","29580","366","-0.10555004962210283","9.041984677097015E-6","0.012373225152129817"
"pol","US-ASCII","40477839","917488","361","-6.977463754477624","8.918460296262357E-6","3.9346563660778126E-4"
"por","UTF-8","47967141","2820276978","43638028","-0.005951671944350294","0.9097483629470433","0.01547295827339126"
"por","ISO-8859-1","47967141","103949213","3863748","1.6106410520462904","0.0805498914350555","0.03716957433819148"
"por","windows-1252","47967141","15713096","400976","0.9742459243231314","0.008359389191029751","0.025518586534442354"
"por","ISO-8859-15","47967141","3548052","34605","-0.9099135563497283","7.214313648587061E-4","0.009753239242265897"
"por","EUC-JP","47967141","7893108","13676","-4.346050934721514","2.851118435430621E-4","0.0017326508138492468"
"por","ISO-8859-2","47967141","5794535","4175","-6.099875999454163","8.703875013105325E-5","7.205064772237979E-4"
"por","GB18030","47967141","3063488","2953","-5.519912542171794","6.156297703880246E-5","9.63933921072973E-4"
"por","EUC-KR","47967141","4504500","1907","-7.163497922183376","3.9756382395190074E-5","4.233544233544234E-4"
"por","windows-1250","47967141","4164581","1707","-7.228344154372421","3.558686143082824E-5","4.0988517212175725E-4"
"por","ISO-8859-9","47967141","1190057","1421","-5.093316121046591","2.962444645179082E-5","0.0011940604525665578"
"por","Shift_JIS","47967141","11145787","1089","-10.091098823803472","2.2703041650950178E-5","9.770507905812303E-5"
"por","windows-1251","47967141","31259368","825","-12.695869260129859","1.7199273977992558E-5","2.6392088285342172E-5"
"por","US-ASCII","47967141","917488","786","-5.756872410150012","1.6386217389942E-5","8.566869539438118E-4"
"por","ISO-8859-5","47967141","58429","352","-1.866768073165226","7.338356897276825E-6","0.0060244056889558265"
"por","UTF-16LE","47967141","29580","171","-1.9487965907900975","3.564940424529367E-6","0.0057809330628803245"
"por","Big5","47967141","1970663","171","-10.334195849551163","3.564940424529367E-6","8.677282721601817E-5"
"por","windows-1254","47967141","838443","147","-8.928395560110104","3.064597908805947E-6","1.7532497736876568E-4"
"pus","UTF-8","28704","2820276978","28669","-8.427876050918785","0.998780657748049","1.0165313628284349E-5"
"que","UTF-8","14623","2820276978","14474","-4.199849979550299","0.9898105723859673","5.13212004101251E-6"
"que","ISO-8859-1","14623","103949213","109","-2.9535555780371143","0.007454010804896396","1.0485889873932956E-6"
"roh","UTF-8","18379","2820276978","17401","-0.9828312150842544","0.9467870939659394","6.169961367532037E-6"
"roh","ISO-8859-1","18379","103949213","755","0.39101800612357457","0.04107949289950487","7.263162252127873E-6"
"roh","windows-1252","18379","15713096","167","1.1599874681050972","0.009086457369824255","1.0628077369348472E-5"
"ron","UTF-8","9266179","2820276978","8731685","-0.8290441057049197","0.9423177557869322","0.003096038108353484"
"ron","ISO-8859-1","9266179","103949213","242181","-0.4811678323797588","0.026136015719100614","0.0023298011885861994"
"ron","ISO-8859-2","9266179","5794535","204722","4.833471087538577","0.022093464846729163","0.035330186115020444"
"ron","windows-1250","9266179","4164581","44750","2.5371256738438865","0.004829390841683503","0.010745378706765459"
"ron","windows-1252","9266179","15713096","28545","-0.9889301934606581","0.003080557800577779","0.0018166375359763602"
"ron","Shift_JIS","9266179","11145787","3089","-4.743713161590915","3.333628672616836E-4","2.7714507732832144E-4"
"ron","windows-1251","9266179","31259368","2913","-6.910128364554672","3.143690619402021E-4","9.318806445479E-5"
"ron","EUC-KR","9266179","4504500","2701","-3.2050373186246777","2.914901600756903E-4","5.996225996225996E-4"
"ron","ISO-8859-3","9266179","8076","1406","7.753118425813342","1.5173460387501688E-4","0.17409608717186725"
"ron","US-ASCII","9266179","917488","1299","-1.490347388162026","1.4018723359434347E-4","0.0014158223322811852"
"ron","GB18030","9266179","3063488","743","-5.015146214148696","8.018407587420877E-5","2.4253400045960683E-4"
"ron","ISO-8859-9","9266179","1190057","491","-3.95403560919382","5.2988400072996645E-5","4.125852795286276E-4"
"ron","Big5","9266179","1970663","467","-5.062144325493904","5.039833571097645E-5","2.3697608368351158E-4"
"ron","EUC-JP","9266179","7893108","360","-8.353614660127603","3.885096543030304E-5","4.560941013349875E-5"
"ron","ISO-8859-15","9266179","3548052","338","-6.88344202694523","3.647673976511786E-5","9.526354179701989E-5"
"ron","ISO-8859-5","9266179","58429","329","1.261918985273009","3.550546562936028E-5","0.005630765544507008"
"run","UTF-8","922","2820276978","791","0.7842444668906735","0.8579175704989154","2.8046890648341136E-7"
"rus","UTF-8","137498968","2820276978","118567678","0.6874875287243807","0.8623168575345235","0.042041146640881454"
"rus","windows-1251","137498968","31259368","18699738","3.2108794327153363","0.1359991152806325","0.5982122863136581"
"rus","KOI8-R","137498968","305377","152159","3.547956631504545","0.0011066192147711246","0.4982660776679318"
"rus","x-MacCyrillic","137498968","117786","63307","3.5378322278881296","4.604180011009246E-4","0.5374747423293091"
"rus","ISO-8859-1","137498968","103949213","6068","-13.109995966023513","4.4131240315927316E-5","5.837466032571117E-5"
"rus","windows-1252","137498968","15713096","2500","-11.160090611935816","1.818195464565232E-5","1.5910295463096515E-4"
"rus","ISO-8859-15","137498968","3548052","1950","-8.689099163905153","1.4181924623608811E-5","5.495973565212685E-4"
"rus","UTF-16LE","137498968","29580","1427","0.1605544455991562","1.0378259711738346E-5","0.048242055442866805"
"rus","KOI8-U","137498968","5243","961","2.524186478207656","6.989143365788753E-6","0.1832920083921419"
"rus","US-ASCII","137498968","917488","579","-8.414397473999767","4.210940695933078E-6","6.310709240883804E-4"
"rus","ISO-8859-5","137498968","58429","500","-3.2165851263464402","3.6363909291304643E-6","0.008557394444539526"
"rus","windows-1257","137498968","291902","384","-6.947026901765755","2.7927482335721965E-6","0.0013155099999314838"
"rus","GB2312","137498968","34551093","310","-16.898921339332265","2.254562376060888E-6","8.972219778980654E-6"
"rus","ISO-8859-2","137498968","5794535","271","-13.614651012807549","1.9709238835887116E-6","4.676820486889802E-5"
"rus","Big5","137498968","1970663","192","-12.149262269335319","1.3963741167860982E-6","9.742913933026601E-5"
"rus","IBM855","137498968","8840","183","-1.474453018498459","1.33091908006175E-6","0.020701357466063348"
"rus","ISO-8859-9","137498968","1190057","176","-11.31512839463393","1.2800096070539234E-6","1.478920757577158E-4"
"rus","IBM866","137498968","15935","164","-2.8510029898064935","1.1927362247547923E-6","0.010291810480075306"
"rus","windows-1250","137498968","4164581","139","-14.290317019470223","1.0109166782982692E-6","3.337670704447818E-5"
"rus","windows-1254","137498968","838443","114","-11.48347131918101","8.290971318417459E-7","1.359663089798591E-4"
"san","UTF-8","30206","2820276978","28661","-1.0575971554674288","0.9488512216116003","1.0162477027460244E-5"
"san","windows-1252","30206","15713096","1053","3.7963189794679644","0.03486062371714229","6.701416449056252E-5"
"san","ISO-8859-1","30206","103949213","364","-2.002112243146342","0.0120505859762961","3.5017100129464185E-6"
"sco","UTF-8","9191","2820276978","7731","0.9678813930446601","0.8411489500598411","2.7412201213947577E-6"
"sco","ISO-8859-1","9191","103949213","789","1.7694609806055615","0.08584484822108585","7.590245055534957E-6"
"sco","windows-1252","9191","15713096","447","4.433585601981606","0.048634533783048634","2.844760828801657E-5"
"sin","UTF-8","30132","2820276978","29932","-5.049919160806651","0.9933625381654055","1.0613141983389974E-5"
"sin","windows-1252","30132","15713096","113","-0.5992266314608408","0.003750165936545865","7.191453549319625E-6"
"slk","UTF-8","8515375","2820276978","7987931","-0.696053798854421","0.9380598035905642","0.002832321457187032"
"slk","windows-1250","8515375","4164581","480661","7.12386887007218","0.05644625163307547","0.115416412839611"
"slk","ISO-8859-2","8515375","5794535","36516","1.6494507475572262","0.004288243324574666","0.006301799885581846"
"slk","windows-1252","8515375","15713096","4416","-4.544720875341975","5.185913714898052E-4","2.810394590601368E-4"
"slk","ISO-8859-1","8515375","103949213","4309","-8.314222222959849","5.060258649795224E-4","4.14529352906212E-5"
"slk","US-ASCII","8515375","917488","1146","-1.5721265090522532","1.3458009776433802E-4","0.0012490626580402141"
"slk","windows-1251","8515375","31259368","230","-11.818587676438133","2.700996726509402E-5","7.3577943098529695E-6"
"slv","UTF-8","3399187","2820276978","3253688","-1.3952622402673915","0.9571959412647789","0.00115367675777269"
"slv","windows-1250","3399187","4164581","104441","6.152187535391025","0.030725288135074653","0.025078393240520476"
"slv","ISO-8859-2","3399187","5794535","34779","3.3739800792082457","0.01023156419461477","0.0060020346757764"
"slv","ISO-8859-1","3399187","103949213","4210","-6.528690028384061","0.001238531448843503","4.05005471277594E-5"
"slv","windows-1252","3399187","15713096","1190","-5.3331520751799335","3.5008371119329415E-4","7.573300640433941E-5"
"slv","ISO-8859-15","3399187","3548052","519","-4.02417798088821","1.5268356815909215E-4","1.4627745027412226E-4"
"slv","EUC-JP","3399187","7893108","142","-8.212231584259934","4.1774694949115774E-5","1.7990378441546728E-5"
"slv","EUC-KR","3399187","4504500","109","-7.621544196714932","3.206649119333535E-5","2.4198024198024197E-5"
"smo","UTF-8","3016","2820276978","2852","-0.9420267142194026","0.9456233421750663","1.0112481937935388E-6"
"smo","ISO-8859-1","3016","103949213","125","0.4080028591036057","0.04144562334217507","1.2025103066436877E-6"
"sna","UTF-8","1225","2820276978","1094","0.2962370755872535","0.893061224489796","3.8790516269639953E-7"
"snd","UTF-8","7737","2820276978","7724","-7.787563682699193","0.9983197621817241","2.7387380956736656E-6"
"som","UTF-8","13941","2820276978","10753","1.5232432729389425","0.7713219998565383","3.812746082700534E-6"
"som","ISO-8859-1","13941","103949213","3017","3.3104736774563186","0.21641202209310667","2.9023788761152045E-5"
"som","windows-1252","13941","15713096","136","1.3007092274577141","0.009755397747650814","8.655200731924505E-6"
"sot","UTF-8","5293","2820276978","5004","-0.93428646377276","0.9453995843566976","1.774293815477864E-6"
"sot","ISO-8859-1","5293","103949213","247","0.6343230128926673","0.04666540714150765","2.3761603659279266E-6"
"spa","UTF-8","89569899","2820276978","83162689","-0.41898481234407803","0.9284669283818217","0.029487419019026576"
"spa","ISO-8859-1","89569899","103949213","5314251","1.043077259405755","0.05933076914600518","0.051123532796732186"
"spa","windows-1252","89569899","15713096","679812","0.7733515946019964","0.007589737262068365","0.043264039117434275"
"spa","ISO-8859-15","89569899","3548052","260148","1.766074764531295","0.0029044132337360347","0.07332136056630512"
"spa","GB18030","89569899","3063488","90908","0.05237798937521674","0.0010149391817445277","0.02967467148557461"
"spa","EUC-JP","89569899","7893108","23794","-4.462630944027295","2.65647279562077E-4","0.0030145286242124142"
"spa","ISO-8859-5","89569899","58429","15785","3.8999397275090524","1.7623107959516623E-4","0.2701569426141128"
"spa","ISO-8859-2","89569899","5794535","9086","-5.767976499544235","1.014403287425835E-4","0.0015680291861210607"
"spa","windows-1251","89569899","31259368","4073","-10.724480123597079","4.547286583409009E-5","1.3029694010448323E-4"
"spa","Shift_JIS","89569899","11145787","3205","-9.154266365641433","3.578211023772618E-5","2.8755259722799297E-4"
"spa","windows-1250","89569899","4164581","1658","-8.508141283050417","1.8510682924851795E-5","3.981192825880923E-4"
"spa","Big5","89569899","1970663","1201","-7.658352155270028","1.3408522432296145E-5","6.094395642481744E-4"
"spa","US-ASCII","89569899","917488","1173","-6.178558560536545","1.30959174130586E-5","0.0012784908358474444"
"spa","ISO-8859-9","89569899","1190057","590","-8.071437080884644","6.5870343339339924E-6","4.957745721423428E-4"
"spa","UTF-16LE","89569899","29580","381","-1.582425326471723","4.253661154625171E-6","0.012880324543610547"
"spa","windows-1258","89569899","909","248","3.912581121898389","2.768787313246831E-6","0.27282728272827284"
"spa","ISO-8859-8","89569899","23827","226","-2.187528812974425","2.523169083845902E-6","0.009485037982121122"
"spa","windows-1256","89569899","2753473","163","-12.320043832056427","1.819807790561425E-6","5.919796562377768E-5"
"spa","EUC-KR","89569899","4504500","113","-14.036030082067278","1.261584541922951E-6","2.5086025086025085E-5"
"sqi","UTF-8","635417","2820276978","612352","-1.712222511565013","0.9637010026486543","2.1712477348031595E-4"
"sqi","ISO-8859-1","635417","103949213","21351","0.004682377219252227","0.033601556143445954","2.05398380457195E-4"
"sqi","windows-1252","635417","15713096","1492","-1.5326176353901506","0.0023480643419990337","9.495264332376001E-5"
"sqi","ISO-8859-15","635417","3548052","168","-2.9278449936815085","2.643933039248242E-4","4.734992610029391E-5"
"srp","UTF-8","4663550","2820276978","4526832","-2.1234646246415725","0.9706837066183487","0.0016051019227232793"
"srp","windows-1250","4663550","4164581","80895","5.048548426700474","0.017346227659186673","0.01942452313930261"
"srp","ISO-8859-1","4663550","103949213","21841","-3.8749682346721013","0.004683342089180989","2.1011222085923824E-4"
"srp","ISO-8859-2","4663550","5794535","18211","1.466815155507831","0.0039049651016929165","0.003142788851909601"
"srp","windows-1252","4663550","15713096","6843","-2.4692278291803547","0.0014673371144299943","4.354966074158778E-4"
"srp","windows-1251","4663550","31259368","5686","-4.204224485720349","0.0012192428514758071","1.8189747150358255E-4"
"srp","EUC-KR","4663550","4504500","2549","-1.9511046274040598","5.465793226190348E-4","5.658785658785659E-4"
"srp","EUC-JP","4663550","7893108","254","-7.680937800408613","5.446494623194776E-5","3.217997270530189E-5"
"srp","ISO-8859-5","4663550","58429","129","0.7665299851864878","2.766133096031993E-5","0.002207807766691198"
"ssw","UTF-8","483","2820276978","395","1.1858133441459155","0.8178053830227743","1.400571656901991E-7"
"sun","UTF-8","11733","2820276978","11539","-3.244509919877625","0.9834654393590727","4.091442113668879E-6"
"sun","ISO-8859-1","11733","103949213","137","-2.0644378009402558","0.011676468081479588","1.3179512960814817E-6"
"swa","UTF-8","70500","2820276978","70176","-5.780987674219972","0.9954042553191489","2.4882662429051676E-5"
"swa","ISO-8859-1","70500","103949213","201","-4.866389014093079","0.002851063829787234","1.93363657308305E-6"
"swe","UTF-8","13519786","2820276978","12422999","-0.19849186630298984","0.9188754171108922","0.004404886150157412"
"swe","ISO-8859-1","13519786","103949213","973650","1.4384747309167536","0.07201667245324742","0.009366593280509011"
"swe","windows-1252","13519786","15713096","106313","0.8685453544529629","0.007863512040797096","0.00676588496627272"
"swe","ISO-8859-15","13519786","3548052","13644","-0.24969264404781263","0.0010091875714600808","0.0038454904268595837"
"swe","EUC-KR","13519786","4504500","1335","-5.366244311639134","9.87441665126948E-5","2.9637029637029637E-4"
"swe","EUC-JP","13519786","7893108","573","-8.176932107267397","4.2382327649269006E-5","7.259497779581883E-5"
"swe","ISO-8859-4","13519786","42836","407","1.547684516302437","3.0104026794506953E-5","0.009501354001307312"
"swe","ISO-8859-2","13519786","5794535","332","-8.65156850226074","2.45566017095241E-5","5.729536537444333E-5"
"swe","US-ASCII","13519786","917488","132","-6.813451260853806","9.763468149569823E-6","1.438710915020142E-4"
"swe","windows-1251","13519786","31259368","109","-14.233360831635203","8.062257790175081E-6","3.486954694669451E-6"
"syr","UTF-8","6110","2820276978","6108","-11.056285895672167","0.9996726677577742","2.165744729204395E-6"
"tam","UTF-8","273844","2820276978","273287","-7.4059788891544365","0.9979659952381648","9.690076617715808E-5"
"tam","ISO-8859-1","273844","103949213","280","-6.913522006600983","0.0010224799520895107","2.6936230868818604E-6"
"tam","windows-1252","273844","15713096","262","-3.3255174707017248","9.567490980266136E-4","1.667398964532515E-5"
"tat","UTF-8","64122","2820276978","62475","-2.3822444603711213","0.9743145878169739","2.2152079560747314E-5"
"tat","windows-1251","64122","31259368","1448","1.5877059108870706","0.022581953151804373","4.632211374203087E-5"
"tel","UTF-8","62292","2820276978","62250","-9.611715288465648","0.9993257561163552","2.2072300162569352E-5"
"tgk","UTF-8","79055","2820276978","78124","-3.9134976160120503","0.9882233887799633","2.770082534780029E-5"
"tgk","windows-1251","79055","31259368","926","0.2970238867348748","0.011713364113591803","2.9623119699668913E-5"
"tgl","UTF-8","32288","2820276978","31904","-3.894093870364385","0.9881070366699702","1.1312364086531929E-5"
"tgl","ISO-8859-1","32288","103949213","250","-2.87810318317617","0.007742814667988107","2.4050206132873754E-6"
"tgl","windows-1252","32288","15713096","115","-0.7019743849250945","0.0035616947472745294","7.318735913024397E-6"
"tha","UTF-8","2589401","2820276978","2195267","0.897182494397001","0.8477895080754198","7.783870226663957E-4"
"tha","x-windows-874","2589401","519799","225368","11.187995297023726","0.08703480071259724","0.4335675905494239"
"tha","TIS-620","2589401","478490","137474","10.897319659555109","0.053091043063627455","0.2873079897176535"
"tha","GB2312","2589401","34551093","28236","-0.04250935744612004","0.010904452419690886","8.172245086428959E-4"
"tha","ISO-8859-1","2589401","103949213","1395","-8.192658565468353","5.38734633994503E-4","1.3420015022143553E-5"
"tha","x-iso-8859-11","2589401","1609","959","11.329355141806634","3.7035592401485904E-4","0.5960223741454319"
"tha","windows-1252","2589401","15713096","468","-6.655503114185941","1.8073678043686552E-4","2.9784073106916677E-5"
"tir","UTF-8","521","2820276978","507","-2.2944282039852317","0.9731285988483686","1.7976957722767327E-7"
"ton","UTF-8","751","2820276978","644","0.7888673478613195","0.8575233022636485","2.2834636634047652E-7"
"tsn","UTF-8","7799","2820276978","7665","-3.169045261279336","0.9828183100397487","2.717818164595889E-6"
"tso","UTF-8","511","2820276978","446","0.5973690467696515","0.87279843444227","1.5814049594387037E-7"
"tuk","UTF-8","20611","2820276978","20135","-2.5896113158421024","0.9769055358788996","7.1393696991700225E-6"
"tuk","ISO-8859-1","20611","103949213","362","-1.2598976012518006","0.017563436999660377","3.4824698480401193E-6"
"tur","UTF-8","18838317","2820276978","17411245","-0.322856503037597","0.9242463113875831","0.006173593989462407"
"tur","ISO-8859-9","18838317","1190057","774389","7.173633351581716","0.04110712225513564","0.6507158900792147"
"tur","windows-1254","18838317","838443","581821","7.058941954533951","0.030884977676084335","0.6939302969909702"
"tur","ISO-8859-15","18838317","3548052","24675","0.26840890268254525","0.0013098303845295734","0.006954520395980668"
"tur","windows-1252","18838317","15713096","15116","-3.6669919736029915","8.024071364761512E-4","9.620001048806677E-4"
"tur","ISO-8859-1","18838317","103949213","14292","-7.498510086403509","7.58666498711111E-4","1.3749021842041266E-4"
"tur","Big5","18838317","1970663","10013","-0.3550401999566165","5.315230654628012E-4","0.005081031104760174"
"tur","EUC-JP","18838317","7893108","5765","-4.22146092337493","3.0602521446050624E-4","7.303840261656118E-4"
"tur","windows-1251","18838317","31259368","338","-12.630063660860536","1.7942154811387876E-5","1.0812758594479582E-5"
"tur","ISO-8859-8","18838317","23827","194","0.5816342242478786","1.0298159862157537E-5","0.00814202375456415"
"tur","ISO-8859-3","18838317","8076","135","2.00294469932966","7.166245264903441E-6","0.016716196136701337"
"uig","UTF-8","24035","2820276978","24024","-10.38620878553508","0.9995423340961098","8.51831227478821E-6"
"ukr","UTF-8","5475687","2820276978","4922219","0.19621011775089492","0.8989226374699649","0.0017452963089783446"
"ukr","windows-1251","5475687","31259368","550402","4.376256223872364","0.10051743278971205","0.01760758566839867"
"ukr","KOI8-U","5475687","5243","1908","9.75471026581396","3.484494274417073E-4","0.3639137898149914"
"ukr","x-MacCyrillic","5475687","117786","722","2.4802377894022287","1.3185560095016388E-4","0.006129760752551237"
"ukr","ISO-8859-1","5475687","103949213","143","-14.243203104202195","2.6115444509519992E-5","1.3756717908003785E-6"
"ukr","windows-1252","5475687","15713096","112","-11.011004247854268","2.045405444102265E-5","7.127812367467239E-6"
"urd","UTF-8","181358","2820276978","180981","-7.362590003315071","0.9979212386550359","6.417135671842512E-5"
"urd","ISO-8859-15","181358","3548052","161","-0.5068832516995405","8.877468873719384E-4","4.537701251278166E-5"
"urd","windows-1252","181358","15713096","105","-4.3293978501970685","5.789653613295251E-4","6.682324094500536E-6"
"uzb","UTF-8","311112","2820276978","299487","-1.6566127697080268","0.9626340353313276","1.0619063387610293E-4"
"uzb","windows-1251","311112","31259368","10947","2.4483356505435294","0.035186685180899485","3.501990187389585E-4"
"uzb","x-MacCyrillic","311112","117786","293","6.4147339652352064","9.417830234770758E-4","0.0024875621890547263"
"uzb","ISO-8859-1","311112","103949213","178","-8.073796367458206","5.721412224536501E-4","1.712374676660611E-6"
"ven","UTF-8","537","2820276978","447","1.0541789703827273","0.8324022346368715","1.5849507104688355E-7"
"vie","UTF-8","17422329","2820276978","17387276","-7.417968543050954","0.9979880416676783","0.006165095178818284"
"vie","ISO-8859-1","17422329","103949213","12945","-7.541040382388429","7.430120278408243E-4","1.2453196735602028E-4"
"vie","GB2312","17422329","34551093","10603","-5.7828734151615135","6.08586831301372E-4","3.0687885908558664E-4"
"vie","windows-1252","17422329","15713096","7354","-4.950899427495534","4.2210200484676876E-4","4.680172513424471E-4"
"vie","ISO-8859-15","17422329","3548052","2976","-3.7921040058248243","1.708152796333946E-4","8.387701194909207E-4"
"vie","UTF-16LE","17422329","29580","455","1.994636414507777","2.6115911368680962E-5","0.015382014874915483"
"vie","ISO-2022-JP","17422329","23204","227","1.1008522747526144","1.3029256880638633E-5","0.009782796069643164"
"vie","GBK","17422329","15129860","182","-12.271881789222697","1.0446364547472385E-5","1.202919260323625E-5"
"vie","Big5","17422329","1970663","130","-8.8767897901155","7.461688962480275E-6","6.596764642153428E-5"
"vol","UTF-8","5226","2820276978","4831","-0.32878113982080565","0.9244163796402602","1.712952322656587E-6"
"vol","ISO-8859-1","5226","103949213","287","0.9426001523165043","0.054917719096823574","2.7609636640539067E-6"
"war","UTF-8","31825","2820276978","25484","1.3225789010655509","0.8007541241162608","9.035991925187427E-6"
"war","ISO-8859-1","31825","103949213","4282","2.558676185708127","0.13454831107619797","4.1193193064386164E-5"
"war","windows-1252","31825","15713096","1353","4.177298811465039","0.04251374705420267","8.610651904627833E-5"
"war","ISO-8859-9","31825","1190057","423","7.063065919465877","0.013291437549096622","3.5544515934951017E-4"
"war","windows-1254","31825","838443","101","4.919629208905051","0.003173605655930872","1.2046137900847166E-4"
"wol","UTF-8","1475","2820276978","1307","0.40668917399933346","0.8861016949152543","4.634296596382031E-7"
"xho","UTF-8","3087","2820276978","2639","0.8195110433841585","0.854875283446712","9.357236968517352E-7"
"xho","ISO-8859-1","3087","103949213","342","2.224276914862996","0.11078717201166181","3.2900681989771293E-6"
"yid","UTF-8","19376","2820276978","19310","-6.3776497156975","0.9965937241948802","6.846845239184163E-6"
"yor","UTF-8","6959","2820276978","6896","-4.434062460870612","0.9909469751401063","2.445149910378767E-6"
"zha","UTF-8","342","2820276978","228","1.9852797578300263","0.6666666666666666","8.0843123487001E-8"
"zho","UTF-8","160944946","2820276978","121070667","1.452537040584508","0.7522489522597373","0.04292864422339727"
"zho","GB2312","160944946","34551093","27900377","1.9599905974509857","0.17335354537942435","0.8075106914852158"
"zho","GBK","160944946","15129860","8539382","3.123475701669491","0.05305778287688512","0.5644058834648833"
"zho","GB18030","160944946","3063488","2156697","2.8630945832393495","0.013400215748309362","0.7040004726638394"
"zho","Big5","160944946","1970663","1088060","3.217415339288266","0.00676044838338695","0.5521289028108815"
"zho","ISO-8859-1","160944946","103949213","120174","-7.441280762083391","7.466776869153754E-4","0.0011560837887247882"
"zho","UTF-16","160944946","92256","37824","3.1846217158709753","2.3501203945851148E-4","0.4099895941727367"
"zho","windows-1252","160944946","15713096","22226","-7.091976958980429","1.3809691172284464E-4","0.0014144889078511326"
"zho","US-ASCII","160944946","917488","2568","-5.738613699001387","1.5955766638363407E-5","0.0027989466892210033"
"zho","EUC-JP","160944946","7893108","2073","-10.461741862227539","1.2880180779333078E-5","2.6263418668539694E-4"
"zho","UTF-16LE","160944946","29580","1655","0.14173850337071164","1.0283019387263021E-5","0.055949966193373904"
"zho","KOI8-R","160944946","305377","991","-5.444014972125454","6.157385022826377E-6","0.0032451690860804843"
"zho","x-windows-950","160944946","869","770","1.4371267463036133","4.784244669602735E-6","0.8860759493670886"
"zho","Big5-HKSCS","160944946","23041","382","-2.2091594516473543","2.3734824205042137E-6","0.016579141530315526"
"zho","UTF-16BE","160944946","4458","295","0.4555974361944926","1.832924905886762E-6","0.06617317182593091"
"zho","IBM855","160944946","8840","257","-1.1114494866281017","1.5968193247894842E-6","0.02907239819004525"
"zho","windows-1251","160944946","31259368","179","-18.0982668693988","1.112181553063493E-6","5.726283397668181E-6"
"zho","EUC-KR","160944946","4504500","135","-14.80445189859047","8.38796143371908E-7","2.997002997002997E-5"
"zul","UTF-8","3032","2820276978","2968","-2.765421177603801","0.978891820580475","1.0523789057430657E-6"
