"capture_time","content_languages","count"
"2019-11-11 19:00:00.000","ron","23445"
"2019-11-11 19:00:00.000","fin","21460"
"2019-11-11 19:00:00.000","ell","13707"
"2019-11-11 19:00:00.000","dan","20603"
"2019-11-11 19:00:00.000","fas","28197"
"2019-11-11 19:00:00.000","ara","22174"
"2019-11-11 19:00:00.000","hun","29202"
"2019-11-11 20:00:00.000","hun","47997"
"2019-11-11 20:00:00.000","ell","21794"
"2019-11-11 20:00:00.000","ara","35384"
"2019-11-11 20:00:00.000","fas","44077"
"2019-11-11 20:00:00.000","dan","32514"
"2019-11-11 20:00:00.000","fin","33914"
"2019-11-11 20:00:00.000","ron","37581"
"2019-11-11 21:00:00.000","ron","24968"
"2019-11-11 21:00:00.000","dan","22800"
"2019-11-11 21:00:00.000","ara","23077"
"2019-11-11 21:00:00.000","fin","22545"
"2019-11-11 21:00:00.000","ell","13321"
"2019-11-11 21:00:00.000","fas","29270"
"2019-11-11 21:00:00.000","hun","32736"
"2019-11-11 22:00:00.000","ara","36611"
"2019-11-11 22:00:00.000","hun","53339"
"2019-11-11 22:00:00.000","fas","46734"
"2019-11-11 22:00:00.000","ron","38606"
"2019-11-11 22:00:00.000","ell","23176"
"2019-11-11 22:00:00.000","fin","37259"
"2019-11-11 22:00:00.000","dan","34660"
"2019-11-11 23:00:00.000","ell","18160"
"2019-11-11 23:00:00.000","dan","26147"
"2019-11-11 23:00:00.000","fin","27969"
"2019-11-11 23:00:00.000","ara","26450"
"2019-11-11 23:00:00.000","hun","38931"
"2019-11-11 23:00:00.000","ron","31245"
"2019-11-11 23:00:00.000","fas","37598"
"2019-11-12 00:00:00.000","fas","37041"
"2019-11-12 00:00:00.000","ara","29673"
"2019-11-12 00:00:00.000","ell","18279"
"2019-11-12 00:00:00.000","ron","30090"
"2019-11-12 00:00:00.000","fin","29255"
"2019-11-12 00:00:00.000","hun","41820"
"2019-11-12 00:00:00.000","dan","28523"
"2019-11-12 01:00:00.000","hun","49964"
"2019-11-12 01:00:00.000","ell","21997"
"2019-11-12 01:00:00.000","ron","36195"
"2019-11-12 01:00:00.000","fas","44867"
"2019-11-12 01:00:00.000","fin","35397"
"2019-11-12 01:00:00.000","ara","35561"
"2019-11-12 01:00:00.000","dan","33001"
"2019-11-12 02:00:00.000","ara","19491"
"2019-11-12 02:00:00.000","fas","23907"
"2019-11-12 02:00:00.000","ell","11183"
"2019-11-12 02:00:00.000","ron","23490"
"2019-11-12 02:00:00.000","fin","19238"
"2019-11-12 02:00:00.000","dan","20437"
"2019-11-12 02:00:00.000","hun","27983"
"2019-11-12 03:00:00.000","fin","33018"
"2019-11-12 03:00:00.000","fas","43112"
"2019-11-12 03:00:00.000","hun","48133"
"2019-11-12 03:00:00.000","dan","33112"
"2019-11-12 03:00:00.000","ara","34669"
"2019-11-12 03:00:00.000","ell","22093"
"2019-11-12 03:00:00.000","ron","36515"
"2019-11-12 04:00:00.000","ara","26167"
"2019-11-12 04:00:00.000","hun","37555"
"2019-11-12 04:00:00.000","fin","24411"
"2019-11-12 04:00:00.000","ron","29222"
"2019-11-12 04:00:00.000","dan","25576"
"2019-11-12 04:00:00.000","fas","33508"
"2019-11-12 04:00:00.000","ell","18013"
"2019-11-12 05:00:00.000","ell","18024"
"2019-11-12 05:00:00.000","dan","27616"
"2019-11-12 05:00:00.000","ron","31012"
"2019-11-12 05:00:00.000","hun","40771"
"2019-11-12 05:00:00.000","fin","30341"
"2019-11-12 05:00:00.000","fas","36961"
"2019-11-12 05:00:00.000","ara","29622"
"2019-11-12 06:00:00.000","ron","35355"
"2019-11-12 06:00:00.000","fas","43746"
"2019-11-12 06:00:00.000","ell","20546"
"2019-11-12 06:00:00.000","fin","36232"
"2019-11-12 06:00:00.000","ara","33735"
"2019-11-12 06:00:00.000","hun","47467"
"2019-11-12 06:00:00.000","dan","31256"
"2019-11-12 07:00:00.000","fas","24185"
"2019-11-12 07:00:00.000","fin","18264"
"2019-11-12 07:00:00.000","ron","20977"
"2019-11-12 07:00:00.000","ara","18579"
"2019-11-12 07:00:00.000","ell","10774"
"2019-11-12 07:00:00.000","hun","25990"
"2019-11-12 07:00:00.000","dan","16944"
"2019-11-12 08:00:00.000","ron","35148"
"2019-11-12 08:00:00.000","ell","20935"
"2019-11-12 08:00:00.000","fas","41708"
"2019-11-12 08:00:00.000","fin","33268"
"2019-11-12 08:00:00.000","ara","35490"
"2019-11-12 08:00:00.000","dan","31764"
"2019-11-12 08:00:00.000","hun","45869"
"2019-11-12 09:00:00.000","fas","35494"
"2019-11-12 09:00:00.000","dan","25586"
"2019-11-12 09:00:00.000","ron","29801"
"2019-11-12 09:00:00.000","fin","27187"
"2019-11-12 09:00:00.000","hun","38417"
"2019-11-12 09:00:00.000","ell","17882"
"2019-11-12 09:00:00.000","ara","26272"
"2019-11-12 10:00:00.000","ell","19019"
"2019-11-12 10:00:00.000","dan","27244"
"2019-11-12 10:00:00.000","fin","28595"
"2019-11-12 10:00:00.000","ara","29255"
"2019-11-12 10:00:00.000","fas","35973"
"2019-11-12 10:00:00.000","hun","39104"
"2019-11-12 10:00:00.000","ron","31924"
"2019-11-12 11:00:00.000","fin","32852"
"2019-11-12 11:00:00.000","ara","33563"
"2019-11-12 11:00:00.000","ell","21783"
"2019-11-12 11:00:00.000","ron","37076"
"2019-11-12 11:00:00.000","dan","31514"
"2019-11-12 11:00:00.000","fas","41998"
"2019-11-12 11:00:00.000","hun","46444"
"2019-11-12 12:00:00.000","fin","18980"
"2019-11-12 12:00:00.000","ell","11242"
"2019-11-12 12:00:00.000","hun","26765"
"2019-11-12 12:00:00.000","dan","18923"
"2019-11-12 12:00:00.000","ara","18978"
"2019-11-12 12:00:00.000","fas","25349"
"2019-11-12 12:00:00.000","ron","22303"
"2019-11-12 13:00:00.000","ara","33720"
"2019-11-12 13:00:00.000","fin","35230"
"2019-11-12 13:00:00.000","ron","36542"
"2019-11-12 13:00:00.000","dan","31606"
"2019-11-12 13:00:00.000","hun","49673"
"2019-11-12 13:00:00.000","ell","21254"
"2019-11-12 13:00:00.000","fas","44009"
"2019-11-12 14:00:00.000","fin","27601"
"2019-11-12 14:00:00.000","ron","31708"
"2019-11-12 14:00:00.000","ell","16659"
"2019-11-12 14:00:00.000","hun","39862"
"2019-11-12 14:00:00.000","fas","36496"
"2019-11-12 14:00:00.000","ara","26448"
"2019-11-12 14:00:00.000","dan","26821"
"2019-11-12 15:00:00.000","ara","24011"
"2019-11-12 15:00:00.000","ell","15837"
"2019-11-12 15:00:00.000","ron","26358"
"2019-11-12 15:00:00.000","hun","35175"
"2019-11-12 15:00:00.000","fin","24603"
"2019-11-12 15:00:00.000","dan","22688"
"2019-11-12 15:00:00.000","fas","32157"
"2019-11-12 16:00:00.000","ell","21484"
"2019-11-12 16:00:00.000","ara","32789"
"2019-11-12 16:00:00.000","hun","46287"
"2019-11-12 16:00:00.000","fin","33572"
"2019-11-12 16:00:00.000","dan","30609"
"2019-11-12 16:00:00.000","fas","44433"
"2019-11-12 16:00:00.000","ron","33406"
"2019-11-12 17:00:00.000","ron","21139"
"2019-11-12 17:00:00.000","fas","24425"
"2019-11-12 17:00:00.000","ell","11912"
"2019-11-12 17:00:00.000","dan","17274"
"2019-11-12 17:00:00.000","fin","18214"
"2019-11-12 17:00:00.000","ara","18830"
"2019-11-12 17:00:00.000","hun","25900"
"2019-11-12 18:00:00.000","ell","22639"
"2019-11-12 18:00:00.000","fas","44686"
"2019-11-12 18:00:00.000","fin","35376"
"2019-11-12 18:00:00.000","dan","34085"
"2019-11-12 18:00:00.000","ara","35499"
"2019-11-12 18:00:00.000","hun","49677"
"2019-11-12 18:00:00.000","ron","36253"
"2019-11-12 19:00:00.000","ara","32503"
"2019-11-12 19:00:00.000","ell","20035"
"2019-11-12 19:00:00.000","fas","40298"
"2019-11-12 19:00:00.000","fin","32112"
"2019-11-12 19:00:00.000","dan","31074"
"2019-11-12 19:00:00.000","hun","46229"
"2019-11-12 19:00:00.000","ron","34782"
"2019-11-12 20:00:00.000","fin","20829"
"2019-11-12 20:00:00.000","ell","13565"
"2019-11-12 20:00:00.000","hun","30613"
"2019-11-12 20:00:00.000","dan","20668"
"2019-11-12 20:00:00.000","ara","21461"
"2019-11-12 20:00:00.000","fas","26859"
"2019-11-12 20:00:00.000","ron","24375"
"2019-11-12 21:00:00.000","ara","34110"
"2019-11-12 21:00:00.000","hun","49373"
"2019-11-12 21:00:00.000","fas","43800"
"2019-11-12 21:00:00.000","ell","22034"
"2019-11-12 21:00:00.000","ron","36194"
"2019-11-12 21:00:00.000","fin","33489"
"2019-11-12 21:00:00.000","dan","31546"
"2019-11-12 22:00:00.000","fas","24492"
"2019-11-12 22:00:00.000","hun","24581"
"2019-11-12 22:00:00.000","ell","10403"
"2019-11-12 22:00:00.000","ara","17536"
"2019-11-12 22:00:00.000","fin","17921"
"2019-11-12 22:00:00.000","dan","17608"
"2019-11-12 22:00:00.000","ron","22162"
"2019-11-12 23:00:00.000","ara","36494"
"2019-11-12 23:00:00.000","fas","46688"
"2019-11-12 23:00:00.000","ron","41316"
"2019-11-12 23:00:00.000","ell","22898"
"2019-11-12 23:00:00.000","dan","36414"
"2019-11-12 23:00:00.000","fin","37706"
"2019-11-12 23:00:00.000","hun","51235"
"2019-11-13 00:00:00.000","hun","45557"
"2019-11-13 00:00:00.000","ell","20061"
"2019-11-13 00:00:00.000","fas","42229"
"2019-11-13 00:00:00.000","ron","37901"
"2019-11-13 00:00:00.000","ara","30856"
"2019-11-13 00:00:00.000","dan","31419"
"2019-11-13 00:00:00.000","fin","32458"
"2019-11-13 01:00:00.000","ara","22074"
"2019-11-13 01:00:00.000","hun","29163"
"2019-11-13 01:00:00.000","ell","12437"
"2019-11-13 01:00:00.000","fin","22050"
"2019-11-13 01:00:00.000","dan","21045"
"2019-11-13 01:00:00.000","fas","26969"
"2019-11-13 01:00:00.000","ron","22627"
"2019-11-13 02:00:00.000","dan","31387"
"2019-11-13 02:00:00.000","fin","34063"
"2019-11-13 02:00:00.000","ara","34554"
"2019-11-13 02:00:00.000","ron","35783"
"2019-11-13 02:00:00.000","fas","43907"
"2019-11-13 02:00:00.000","ell","21640"
"2019-11-13 02:00:00.000","hun","48377"
"2019-11-13 03:00:00.000","ara","17660"
"2019-11-13 03:00:00.000","fas","24072"
"2019-11-13 03:00:00.000","ell","11879"
"2019-11-13 03:00:00.000","dan","17240"
"2019-11-13 03:00:00.000","hun","28517"
"2019-11-13 03:00:00.000","fin","17182"
"2019-11-13 03:00:00.000","ron","20634"
"2019-11-13 04:00:00.000","ara","36580"
"2019-11-13 04:00:00.000","ron","37270"
"2019-11-13 04:00:00.000","hun","50083"
"2019-11-13 04:00:00.000","dan","33490"
"2019-11-13 04:00:00.000","ell","22071"
"2019-11-13 04:00:00.000","fas","45693"
"2019-11-13 04:00:00.000","fin","36046"
"2019-11-13 05:00:00.000","hun","45650"
"2019-11-13 05:00:00.000","dan","30865"
"2019-11-13 05:00:00.000","fin","33226"
"2019-11-13 05:00:00.000","fas","43327"
"2019-11-13 05:00:00.000","ell","21711"
"2019-11-13 05:00:00.000","ron","34663"
"2019-11-13 05:00:00.000","ara","32797"
"2019-11-13 06:00:00.000","ell","13082"
"2019-11-13 06:00:00.000","ara","20806"
"2019-11-13 06:00:00.000","dan","19605"
"2019-11-13 06:00:00.000","fin","20863"
"2019-11-13 06:00:00.000","ron","22475"
"2019-11-13 06:00:00.000","fas","25890"
"2019-11-13 06:00:00.000","hun","28588"
"2019-11-13 07:00:00.000","fas","43028"
"2019-11-13 07:00:00.000","ara","34094"
"2019-11-13 07:00:00.000","fin","33316"
"2019-11-13 07:00:00.000","hun","48264"
"2019-11-13 07:00:00.000","dan","30712"
"2019-11-13 07:00:00.000","ron","34619"
"2019-11-13 07:00:00.000","ell","21508"
"2019-11-13 08:00:00.000","hun","28338"
"2019-11-13 08:00:00.000","ara","20164"
"2019-11-13 08:00:00.000","fin","20459"
"2019-11-13 08:00:00.000","ell","11492"
"2019-11-13 08:00:00.000","ron","22911"
"2019-11-13 08:00:00.000","dan","19086"
"2019-11-13 08:00:00.000","fas","24848"
"2019-11-13 09:00:00.000","dan","33061"
"2019-11-13 09:00:00.000","fas","45682"
"2019-11-13 09:00:00.000","ell","20907"
"2019-11-13 09:00:00.000","fin","36700"
"2019-11-13 09:00:00.000","ron","37364"
"2019-11-13 09:00:00.000","ara","37656"
"2019-11-13 09:00:00.000","hun","50831"
"2019-11-13 10:00:00.000","fas","43707"
"2019-11-13 10:00:00.000","fin","33367"
"2019-11-13 10:00:00.000","ara","35305"
"2019-11-13 10:00:00.000","hun","48861"
"2019-11-13 10:00:00.000","ron","37227"
"2019-11-13 10:00:00.000","ell","20289"
"2019-11-13 10:00:00.000","dan","31794"
"2019-11-13 11:00:00.000","dan","19285"
"2019-11-13 11:00:00.000","ron","21653"
"2019-11-13 11:00:00.000","ara","20431"
"2019-11-13 11:00:00.000","fin","20064"
"2019-11-13 11:00:00.000","fas","23101"
"2019-11-13 11:00:00.000","ell","11941"
"2019-11-13 11:00:00.000","hun","28076"
"2019-11-13 12:00:00.000","dan","32837"
"2019-11-13 12:00:00.000","ell","20579"
"2019-11-13 12:00:00.000","hun","47115"
"2019-11-13 12:00:00.000","ron","34331"
"2019-11-13 12:00:00.000","fas","42287"
"2019-11-13 12:00:00.000","fin","34270"
"2019-11-13 12:00:00.000","ara","34990"
"2019-11-13 13:00:00.000","ell","12540"
"2019-11-13 13:00:00.000","ron","24393"
"2019-11-13 13:00:00.000","fin","20962"
"2019-11-13 13:00:00.000","hun","29882"
"2019-11-13 13:00:00.000","dan","22164"
"2019-11-13 13:00:00.000","ara","22561"
"2019-11-13 13:00:00.000","fas","27523"
"2019-11-13 14:00:00.000","ara","31529"
"2019-11-13 14:00:00.000","fin","30753"
"2019-11-13 14:00:00.000","ron","33445"
"2019-11-13 14:00:00.000","dan","30154"
"2019-11-13 14:00:00.000","hun","42300"
"2019-11-13 14:00:00.000","fas","40510"
"2019-11-13 14:00:00.000","ell","19147"
"2019-11-13 15:00:00.000","hun","47060"
"2019-11-13 15:00:00.000","ron","37805"
"2019-11-13 15:00:00.000","ell","20552"
"2019-11-13 15:00:00.000","dan","31401"
"2019-11-13 15:00:00.000","fin","33945"
"2019-11-13 15:00:00.000","ara","33000"
"2019-11-13 15:00:00.000","fas","44700"
"2019-11-13 16:00:00.000","fas","22484"
"2019-11-13 16:00:00.000","dan","17602"
"2019-11-13 16:00:00.000","ron","20560"
"2019-11-13 16:00:00.000","ara","18314"
"2019-11-13 16:00:00.000","fin","17694"
"2019-11-13 16:00:00.000","hun","25017"
"2019-11-13 16:00:00.000","ell","10373"
"2019-11-13 17:00:00.000","ara","35049"
"2019-11-13 17:00:00.000","ron","38210"
"2019-11-13 17:00:00.000","fas","42157"
"2019-11-13 17:00:00.000","dan","33272"
"2019-11-13 17:00:00.000","fin","33824"
"2019-11-13 17:00:00.000","hun","47102"
"2019-11-13 17:00:00.000","ell","21138"
"2019-11-13 18:00:00.000","ron","28986"
"2019-11-13 18:00:00.000","fin","25577"
"2019-11-13 18:00:00.000","dan","25810"
"2019-11-13 18:00:00.000","ell","16731"
"2019-11-13 18:00:00.000","fas","35060"
"2019-11-13 18:00:00.000","hun","38634"
"2019-11-13 18:00:00.000","ara","27551"
"2019-11-13 19:00:00.000","ell","17545"
"2019-11-13 19:00:00.000","fin","24780"
"2019-11-13 19:00:00.000","ara","26560"
"2019-11-13 19:00:00.000","hun","35407"
"2019-11-13 19:00:00.000","fas","34616"
"2019-11-13 19:00:00.000","dan","25611"
"2019-11-13 19:00:00.000","ron","28256"
"2019-11-13 20:00:00.000","dan","31313"
"2019-11-13 20:00:00.000","fin","33040"
"2019-11-13 20:00:00.000","fas","43404"
"2019-11-13 20:00:00.000","ara","33564"
"2019-11-13 20:00:00.000","ell","22332"
"2019-11-13 20:00:00.000","ron","34145"
"2019-11-13 20:00:00.000","hun","46715"
"2019-11-13 21:00:00.000","fin","18776"
"2019-11-13 21:00:00.000","dan","17962"
"2019-11-13 21:00:00.000","ron","21512"
"2019-11-13 21:00:00.000","ell","12002"
"2019-11-13 21:00:00.000","hun","27925"
"2019-11-13 21:00:00.000","ara","18144"
"2019-11-13 21:00:00.000","fas","24761"
"2019-11-13 22:00:00.000","hun","45894"
"2019-11-13 22:00:00.000","ell","20546"
"2019-11-13 22:00:00.000","fin","32346"
"2019-11-13 22:00:00.000","dan","29061"
"2019-11-13 22:00:00.000","ron","34615"
"2019-11-13 22:00:00.000","ara","34380"
"2019-11-13 22:00:00.000","fas","40905"
"2019-11-13 23:00:00.000","ara","30778"
"2019-11-13 23:00:00.000","ell","20474"
"2019-11-13 23:00:00.000","hun","44194"
"2019-11-13 23:00:00.000","ron","33336"
"2019-11-13 23:00:00.000","fin","29377"
"2019-11-13 23:00:00.000","fas","39251"
"2019-11-13 23:00:00.000","dan","27928"
"2019-11-14 00:00:00.000","ara","21254"
"2019-11-14 00:00:00.000","ron","22043"
"2019-11-14 00:00:00.000","fas","26096"
"2019-11-14 00:00:00.000","hun","29395"
"2019-11-14 00:00:00.000","fin","20473"
"2019-11-14 00:00:00.000","dan","21158"
"2019-11-14 00:00:00.000","ell","13534"
"2019-11-14 01:00:00.000","ell","19828"
"2019-11-14 01:00:00.000","dan","30378"
"2019-11-14 01:00:00.000","ron","31528"
"2019-11-14 01:00:00.000","ara","31625"
"2019-11-14 01:00:00.000","fin","31290"
"2019-11-14 01:00:00.000","hun","45499"
"2019-11-14 01:00:00.000","fas","40507"
"2019-11-14 02:00:00.000","ell","11988"
"2019-11-14 02:00:00.000","ara","19044"
"2019-11-14 02:00:00.000","hun","28868"
"2019-11-14 02:00:00.000","fin","19440"
"2019-11-14 02:00:00.000","ron","21320"
"2019-11-14 02:00:00.000","fas","24888"
"2019-11-14 02:00:00.000","dan","19286"
"2019-11-14 03:00:00.000","hun","45223"
"2019-11-14 03:00:00.000","fin","34319"
"2019-11-14 03:00:00.000","ell","19712"
"2019-11-14 03:00:00.000","fas","46186"
"2019-11-14 03:00:00.000","ron","36456"
"2019-11-14 03:00:00.000","ara","35633"
"2019-11-14 03:00:00.000","dan","33112"
"2019-11-14 04:00:00.000","ell","20109"
"2019-11-14 04:00:00.000","ron","36327"
"2019-11-14 04:00:00.000","dan","32253"
"2019-11-14 04:00:00.000","fin","33267"
"2019-11-14 04:00:00.000","hun","45804"
"2019-11-14 04:00:00.000","ara","33516"
"2019-11-14 04:00:00.000","fas","44422"
"2019-11-14 05:00:00.000","ara","19620"
"2019-11-14 05:00:00.000","fas","25010"
"2019-11-14 05:00:00.000","fin","19247"
"2019-11-14 05:00:00.000","ron","21965"
"2019-11-14 05:00:00.000","hun","26285"
"2019-11-14 05:00:00.000","ell","12510"
"2019-11-14 05:00:00.000","dan","19029"
"2019-11-14 06:00:00.000","fas","42034"
"2019-11-14 06:00:00.000","hun","48592"
"2019-11-14 06:00:00.000","ron","35612"
"2019-11-14 06:00:00.000","ell","21749"
"2019-11-14 06:00:00.000","fin","35475"
"2019-11-14 06:00:00.000","ara","36056"
"2019-11-14 06:00:00.000","dan","32657"
"2019-11-14 07:00:00.000","hun","33279"
"2019-11-14 07:00:00.000","dan","24722"
"2019-11-14 07:00:00.000","fas","30012"
"2019-11-14 07:00:00.000","ron","26515"
"2019-11-14 07:00:00.000","ara","24407"
"2019-11-14 07:00:00.000","fin","24326"
"2019-11-14 07:00:00.000","ell","14228"
"2019-11-14 08:00:00.000","ron","31932"
"2019-11-14 08:00:00.000","fas","38880"
"2019-11-14 08:00:00.000","hun","40645"
"2019-11-14 08:00:00.000","fin","29364"
"2019-11-14 08:00:00.000","dan","28150"
"2019-11-14 08:00:00.000","ara","29681"
"2019-11-14 08:00:00.000","ell","18314"
"2019-11-14 09:00:00.000","fin","32366"
"2019-11-14 09:00:00.000","ell","20633"
"2019-11-14 09:00:00.000","ron","36233"
"2019-11-14 09:00:00.000","hun","45916"
"2019-11-14 09:00:00.000","ara","32638"
"2019-11-14 09:00:00.000","dan","30453"
"2019-11-14 09:00:00.000","fas","42083"
"2019-11-14 10:00:00.000","fas","22982"
"2019-11-14 10:00:00.000","ara","18956"
"2019-11-14 10:00:00.000","fin","20152"
"2019-11-14 10:00:00.000","hun","27687"
"2019-11-14 10:00:00.000","ell","11751"
"2019-11-14 10:00:00.000","ron","23118"
"2019-11-14 10:00:00.000","dan","17924"
"2019-11-14 11:00:00.000","ara","34793"
"2019-11-14 11:00:00.000","fin","32026"
"2019-11-14 11:00:00.000","fas","41337"
"2019-11-14 11:00:00.000","hun","48578"
"2019-11-14 11:00:00.000","dan","28702"
"2019-11-14 11:00:00.000","ron","35739"
"2019-11-14 11:00:00.000","ell","20568"
"2019-11-14 12:00:00.000","fas","32472"
"2019-11-14 12:00:00.000","ell","17201"
"2019-11-14 12:00:00.000","ara","24740"
"2019-11-14 12:00:00.000","fin","26191"
"2019-11-14 12:00:00.000","dan","22955"
"2019-11-14 12:00:00.000","hun","38008"
"2019-11-14 12:00:00.000","ron","28716"
"2019-11-14 13:00:00.000","ell","15568"
"2019-11-14 13:00:00.000","ara","25479"
"2019-11-14 13:00:00.000","fin","25876"
"2019-11-14 13:00:00.000","dan","24998"
"2019-11-14 13:00:00.000","fas","32034"
"2019-11-14 13:00:00.000","hun","33525"
"2019-11-14 13:00:00.000","ron","27967"
"2019-11-14 14:00:00.000","fin","31234"
"2019-11-14 14:00:00.000","fas","37444"
"2019-11-14 14:00:00.000","ron","31868"
"2019-11-14 14:00:00.000","ell","19320"
"2019-11-14 14:00:00.000","ara","29648"
"2019-11-14 14:00:00.000","hun","41354"
"2019-11-14 14:00:00.000","dan","27391"
"2019-11-14 15:00:00.000","fin","19117"
"2019-11-14 15:00:00.000","ell","11492"
"2019-11-14 15:00:00.000","ron","20676"
"2019-11-14 15:00:00.000","hun","24720"
"2019-11-14 15:00:00.000","dan","17510"
"2019-11-14 15:00:00.000","ara","17990"
"2019-11-14 15:00:00.000","fas","22039"
"2019-11-14 16:00:00.000","ara","36386"
"2019-11-14 16:00:00.000","fin","34437"
"2019-11-14 16:00:00.000","ron","35879"
"2019-11-14 16:00:00.000","hun","47644"
"2019-11-14 16:00:00.000","fas","44845"
"2019-11-14 16:00:00.000","ell","21491"
"2019-11-14 16:00:00.000","dan","31658"
"2019-11-14 17:00:00.000","fin","30281"
"2019-11-14 17:00:00.000","fas","38827"
"2019-11-14 17:00:00.000","ron","33666"
"2019-11-14 17:00:00.000","ell","19925"
"2019-11-14 17:00:00.000","ara","31823"
"2019-11-14 17:00:00.000","hun","42878"
"2019-11-14 17:00:00.000","dan","28555"
"2019-11-14 18:00:00.000","ron","26838"
"2019-11-14 18:00:00.000","hun","35193"
"2019-11-14 18:00:00.000","ell","15882"
"2019-11-14 18:00:00.000","fas","31982"
"2019-11-14 18:00:00.000","fin","24303"
"2019-11-14 18:00:00.000","ara","24168"
"2019-11-14 18:00:00.000","dan","22964"
"2019-11-14 19:00:00.000","hun","49265"
"2019-11-14 19:00:00.000","dan","31519"
"2019-11-14 19:00:00.000","fin","33161"
"2019-11-14 19:00:00.000","fas","44448"
"2019-11-14 19:00:00.000","ron","36366"
"2019-11-14 19:00:00.000","ell","21889"
"2019-11-14 19:00:00.000","ara","34601"
"2019-11-14 20:00:00.000","ron","22078"
"2019-11-14 20:00:00.000","hun","26389"
"2019-11-14 20:00:00.000","dan","18896"
"2019-11-14 20:00:00.000","fin","18931"
"2019-11-14 20:00:00.000","fas","22664"
"2019-11-14 20:00:00.000","ell","11985"
"2019-11-14 20:00:00.000","ara","18957"
"2019-11-14 21:00:00.000","fas","45602"
"2019-11-14 21:00:00.000","hun","50160"
"2019-11-14 21:00:00.000","dan","34113"
"2019-11-14 21:00:00.000","fin","36916"
"2019-11-14 21:00:00.000","ara","36444"
"2019-11-14 21:00:00.000","ell","22974"
"2019-11-14 21:00:00.000","ron","38685"
"2019-11-14 22:00:00.000","ara","30436"
"2019-11-14 22:00:00.000","ell","19734"
"2019-11-14 22:00:00.000","ron","35109"
"2019-11-14 22:00:00.000","fin","30485"
"2019-11-14 22:00:00.000","dan","29418"
"2019-11-14 22:00:00.000","fas","40010"
"2019-11-14 22:00:00.000","hun","42590"
"2019-11-14 23:00:00.000","fin","23237"
"2019-11-14 23:00:00.000","ara","24361"
"2019-11-14 23:00:00.000","hun","33398"
"2019-11-14 23:00:00.000","dan","22296"
"2019-11-14 23:00:00.000","ron","25857"
"2019-11-14 23:00:00.000","ell","15884"
"2019-11-14 23:00:00.000","fas","28688"
"2019-11-15 00:00:00.000","ara","34361"
"2019-11-15 00:00:00.000","dan","31970"
"2019-11-15 00:00:00.000","ron","36005"
"2019-11-15 00:00:00.000","fas","42587"
"2019-11-15 00:00:00.000","fin","33996"
"2019-11-15 00:00:00.000","hun","49054"
"2019-11-15 00:00:00.000","ell","23441"
"2019-11-15 01:00:00.000","ell","11090"
"2019-11-15 01:00:00.000","fas","23636"
"2019-11-15 01:00:00.000","ron","21160"
"2019-11-15 01:00:00.000","fin","18396"
"2019-11-15 01:00:00.000","ara","17771"
"2019-11-15 01:00:00.000","dan","18023"
"2019-11-15 01:00:00.000","hun","25529"
"2019-11-15 02:00:00.000","ell","22140"
"2019-11-15 02:00:00.000","fas","46336"
"2019-11-15 02:00:00.000","ara","38582"
"2019-11-15 02:00:00.000","dan","31834"
"2019-11-15 02:00:00.000","fin","37178"
"2019-11-15 02:00:00.000","hun","50660"
"2019-11-15 02:00:00.000","ron","37340"
"2019-11-15 03:00:00.000","ell","20803"
"2019-11-15 03:00:00.000","fin","30818"
"2019-11-15 03:00:00.000","fas","40987"
"2019-11-15 03:00:00.000","dan","30264"
"2019-11-15 03:00:00.000","ara","32378"
"2019-11-15 03:00:00.000","hun","44381"
"2019-11-15 03:00:00.000","ron","34542"
"2019-11-15 04:00:00.000","hun","31163"
"2019-11-15 04:00:00.000","fas","29239"
"2019-11-15 04:00:00.000","ron","25039"
"2019-11-15 04:00:00.000","ara","23697"
"2019-11-15 04:00:00.000","fin","22527"
"2019-11-15 04:00:00.000","dan","23198"
"2019-11-15 04:00:00.000","ell","13467"
"2019-11-15 05:00:00.000","ron","34122"
"2019-11-15 05:00:00.000","hun","45153"
"2019-11-15 05:00:00.000","fin","33180"
"2019-11-15 05:00:00.000","fas","43386"
"2019-11-15 05:00:00.000","dan","32512"
"2019-11-15 05:00:00.000","ara","34808"
"2019-11-15 05:00:00.000","ell","19456"
"2019-11-15 06:00:00.000","ron","20134"
"2019-11-15 06:00:00.000","ara","17659"
"2019-11-15 06:00:00.000","fas","22276"
"2019-11-15 06:00:00.000","dan","17283"
"2019-11-15 06:00:00.000","fin","16690"
"2019-11-15 06:00:00.000","hun","24085"
"2019-11-15 06:00:00.000","ell","10947"
"2019-11-15 07:00:00.000","fas","45422"
"2019-11-15 07:00:00.000","hun","49738"
"2019-11-15 07:00:00.000","ell","23532"
"2019-11-15 07:00:00.000","fin","36493"
"2019-11-15 07:00:00.000","ron","38995"
"2019-11-15 07:00:00.000","dan","34021"
"2019-11-15 07:00:00.000","ara","39029"
"2019-11-15 08:00:00.000","fin","33327"
"2019-11-15 08:00:00.000","ron","35394"
"2019-11-15 08:00:00.000","ell","20159"
"2019-11-15 08:00:00.000","fas","41766"
"2019-11-15 08:00:00.000","ara","33106"
"2019-11-15 08:00:00.000","dan","31708"
"2019-11-15 08:00:00.000","hun","45578"
"2019-11-15 09:00:00.000","ron","22820"
"2019-11-15 09:00:00.000","ell","12460"
"2019-11-15 09:00:00.000","hun","29873"
"2019-11-15 09:00:00.000","fas","24851"
"2019-11-15 09:00:00.000","fin","20066"
"2019-11-15 09:00:00.000","dan","18157"
"2019-11-15 09:00:00.000","ara","21095"
"2019-11-15 10:00:00.000","ara","34178"
"2019-11-15 10:00:00.000","ell","20252"
"2019-11-15 10:00:00.000","hun","49075"
"2019-11-15 10:00:00.000","fin","33411"
"2019-11-15 10:00:00.000","dan","30060"
"2019-11-15 10:00:00.000","fas","43646"
"2019-11-15 10:00:00.000","ron","35422"
"2019-11-15 11:00:00.000","ron","23500"
"2019-11-15 11:00:00.000","ara","20067"
"2019-11-15 11:00:00.000","ell","12985"
"2019-11-15 11:00:00.000","hun","28463"
"2019-11-15 11:00:00.000","fin","19771"
"2019-11-15 11:00:00.000","fas","26113"
"2019-11-15 11:00:00.000","dan","18957"
"2019-11-15 12:00:00.000","fas","39708"
"2019-11-15 12:00:00.000","ron","32752"
"2019-11-15 12:00:00.000","dan","29513"
"2019-11-15 12:00:00.000","ara","32200"
"2019-11-15 12:00:00.000","ell","19162"
"2019-11-15 12:00:00.000","fin","32160"
"2019-11-15 12:00:00.000","hun","43108"
"2019-11-15 13:00:00.000","ell","21746"
"2019-11-15 13:00:00.000","ron","35636"
"2019-11-15 13:00:00.000","fas","43014"
"2019-11-15 13:00:00.000","hun","46198"
"2019-11-15 13:00:00.000","ara","34338"
"2019-11-15 13:00:00.000","dan","30765"
"2019-11-15 13:00:00.000","fin","33187"
"2019-11-15 14:00:00.000","hun","26541"
"2019-11-15 14:00:00.000","dan","18715"
"2019-11-15 14:00:00.000","fin","19111"
"2019-11-15 14:00:00.000","fas","23074"
"2019-11-15 14:00:00.000","ell","11731"
"2019-11-15 14:00:00.000","ara","19508"
"2019-11-15 14:00:00.000","ron","21325"
"2019-11-15 15:00:00.000","ron","34259"
"2019-11-15 15:00:00.000","fas","43128"
"2019-11-15 15:00:00.000","fin","33532"
"2019-11-15 15:00:00.000","ara","32946"
"2019-11-15 15:00:00.000","hun","46379"
"2019-11-15 15:00:00.000","ell","21669"
"2019-11-15 15:00:00.000","dan","31426"
"2019-11-15 16:00:00.000","ara","25435"
"2019-11-15 16:00:00.000","dan","24821"
"2019-11-15 16:00:00.000","hun","36893"
"2019-11-15 16:00:00.000","ron","29004"
"2019-11-15 16:00:00.000","ell","17377"
"2019-11-15 16:00:00.000","fas","33866"
"2019-11-15 16:00:00.000","fin","25760"
"2019-11-15 17:00:00.000","dan","22337"
"2019-11-15 17:00:00.000","fas","30193"
"2019-11-15 17:00:00.000","fin","24323"
"2019-11-15 17:00:00.000","ara","24740"
"2019-11-15 17:00:00.000","hun","33203"
"2019-11-15 17:00:00.000","ron","25716"
"2019-11-15 17:00:00.000","ell","15008"
"2019-11-15 18:00:00.000","dan","29336"
"2019-11-15 18:00:00.000","ron","33003"
"2019-11-15 18:00:00.000","fas","41396"
"2019-11-15 18:00:00.000","ell","20154"
"2019-11-15 18:00:00.000","hun","45697"
"2019-11-15 18:00:00.000","fin","33638"
"2019-11-15 18:00:00.000","ara","33111"
"2019-11-15 19:00:00.000","fas","23913"
"2019-11-15 19:00:00.000","ell","11440"
"2019-11-15 19:00:00.000","dan","18169"
"2019-11-15 19:00:00.000","fin","18932"
"2019-11-15 19:00:00.000","hun","26026"
"2019-11-15 19:00:00.000","ron","22198"
"2019-11-15 19:00:00.000","ara","19144"
"2019-11-15 20:00:00.000","fin","35992"
"2019-11-15 20:00:00.000","hun","47832"
"2019-11-15 20:00:00.000","ell","20358"
"2019-11-15 20:00:00.000","ara","37554"
"2019-11-15 20:00:00.000","ron","37881"
"2019-11-15 20:00:00.000","dan","34121"
"2019-11-15 20:00:00.000","fas","46320"
"2019-11-15 21:00:00.000","ron","34054"
"2019-11-15 21:00:00.000","fas","39503"
"2019-11-15 21:00:00.000","ara","32440"
"2019-11-15 21:00:00.000","fin","31863"
"2019-11-15 21:00:00.000","ell","20025"
"2019-11-15 21:00:00.000","dan","30127"
"2019-11-15 21:00:00.000","hun","41968"
"2019-11-15 22:00:00.000","dan","20775"
"2019-11-15 22:00:00.000","fin","24549"
"2019-11-15 22:00:00.000","ara","23359"
"2019-11-15 22:00:00.000","hun","33322"
"2019-11-15 22:00:00.000","ell","15255"
"2019-11-15 22:00:00.000","ron","26324"
"2019-11-15 22:00:00.000","fas","30679"
"2019-11-15 23:00:00.000","ara","34034"
"2019-11-15 23:00:00.000","ell","21282"
"2019-11-15 23:00:00.000","fas","44329"
"2019-11-15 23:00:00.000","ron","36835"
"2019-11-15 23:00:00.000","dan","30355"
"2019-11-15 23:00:00.000","hun","48979"
"2019-11-15 23:00:00.000","fin","35830"
"2019-11-16 00:00:00.000","ell","11806"
"2019-11-16 00:00:00.000","hun","26775"
"2019-11-16 00:00:00.000","ara","17919"
"2019-11-16 00:00:00.000","ron","23088"
"2019-11-16 00:00:00.000","fin","19461"
"2019-11-16 00:00:00.000","dan","18784"
"2019-11-16 00:00:00.000","fas","24967"
"2019-11-16 01:00:00.000","ara","36660"
"2019-11-16 01:00:00.000","hun","51240"
"2019-11-16 01:00:00.000","fin","36389"
"2019-11-16 01:00:00.000","ell","22427"
"2019-11-16 01:00:00.000","dan","31358"
"2019-11-16 01:00:00.000","ron","35593"
"2019-11-16 01:00:00.000","fas","44078"
"2019-11-16 02:00:00.000","ara","30518"
"2019-11-16 02:00:00.000","dan","28135"
"2019-11-16 02:00:00.000","fin","30977"
"2019-11-16 02:00:00.000","fas","40101"
"2019-11-16 02:00:00.000","ron","32407"
"2019-11-16 02:00:00.000","hun","46518"
"2019-11-16 02:00:00.000","ell","19380"
"2019-11-16 03:00:00.000","dan","1122"
"2019-11-16 03:00:00.000","hun","1461"
"2019-11-16 03:00:00.000","ron","1401"
"2019-11-16 03:00:00.000","fas","1373"
"2019-11-16 03:00:00.000","fin","1222"
"2019-11-16 03:00:00.000","ara","1432"
"2019-11-16 03:00:00.000","ell","881"
"2019-11-16 20:00:00.000","fin","7135"
"2019-11-16 20:00:00.000","dan","7294"
"2019-11-16 20:00:00.000","hun","9651"
"2019-11-16 20:00:00.000","fas","7407"
"2019-11-16 20:00:00.000","ara","7314"
"2019-11-16 20:00:00.000","ron","8202"
"2019-11-16 20:00:00.000","ell","4526"
"2019-11-16 21:00:00.000","ara","37782"
"2019-11-16 21:00:00.000","dan","36159"
"2019-11-16 21:00:00.000","fas","38894"
"2019-11-16 21:00:00.000","fin","37441"
"2019-11-16 21:00:00.000","hun","50273"
"2019-11-16 21:00:00.000","ell","23808"
"2019-11-16 21:00:00.000","ron","39284"
"2019-11-16 22:00:00.000","hun","38824"
"2019-11-16 22:00:00.000","ell","17754"
"2019-11-16 22:00:00.000","fin","27820"
"2019-11-16 22:00:00.000","fas","29015"
"2019-11-16 22:00:00.000","ron","30060"
"2019-11-16 22:00:00.000","dan","27865"
"2019-11-16 22:00:00.000","ara","27418"
"2019-11-16 23:00:00.000","ell","18077"
"2019-11-16 23:00:00.000","ara","30061"
"2019-11-16 23:00:00.000","ron","29056"
"2019-11-16 23:00:00.000","dan","26987"
"2019-11-16 23:00:00.000","hun","41499"
"2019-11-16 23:00:00.000","fin","28400"
"2019-11-16 23:00:00.000","fas","28700"
"2019-11-17 00:00:00.000","ell","21754"
"2019-11-17 00:00:00.000","fin","33823"
"2019-11-17 00:00:00.000","dan","33320"
"2019-11-17 00:00:00.000","fas","33663"
"2019-11-17 00:00:00.000","ron","35646"
"2019-11-17 00:00:00.000","hun","49293"
"2019-11-17 00:00:00.000","ara","35993"
"2019-11-17 01:00:00.000","hun","28242"
"2019-11-17 01:00:00.000","ara","19998"
"2019-11-17 01:00:00.000","ron","23648"
"2019-11-17 01:00:00.000","fas","16774"
"2019-11-17 01:00:00.000","fin","21179"
"2019-11-17 01:00:00.000","dan","19420"
"2019-11-17 01:00:00.000","ell","11417"
"2019-11-17 02:00:00.000","fas","32029"
"2019-11-17 02:00:00.000","fin","32977"
"2019-11-17 02:00:00.000","ell","22670"
"2019-11-17 02:00:00.000","ara","35209"
"2019-11-17 02:00:00.000","hun","49546"
"2019-11-17 02:00:00.000","dan","29978"
"2019-11-17 02:00:00.000","ron","34215"
"2019-11-17 03:00:00.000","hun","37996"
"2019-11-17 03:00:00.000","ell","16881"
"2019-11-17 03:00:00.000","dan","24774"
"2019-11-17 03:00:00.000","fas","24039"
"2019-11-17 03:00:00.000","ara","25247"
"2019-11-17 03:00:00.000","fin","25803"
"2019-11-17 03:00:00.000","ron","29067"
"2019-11-17 04:00:00.000","ell","17371"
"2019-11-17 04:00:00.000","ara","29566"
"2019-11-17 04:00:00.000","hun","40006"
"2019-11-17 04:00:00.000","fin","28054"
"2019-11-17 04:00:00.000","fas","30296"
"2019-11-17 04:00:00.000","ron","31246"
"2019-11-17 04:00:00.000","dan","29134"
"2019-11-17 05:00:00.000","hun","45569"
"2019-11-17 05:00:00.000","dan","32085"
"2019-11-17 05:00:00.000","fin","33938"
"2019-11-17 05:00:00.000","ara","34494"
"2019-11-17 05:00:00.000","ell","21073"
"2019-11-17 05:00:00.000","ron","35195"
"2019-11-17 05:00:00.000","fas","34050"
"2019-11-17 06:00:00.000","hun","27311"
"2019-11-17 06:00:00.000","dan","19570"
"2019-11-17 06:00:00.000","fas","19402"
"2019-11-17 06:00:00.000","ara","17601"
"2019-11-17 06:00:00.000","ell","11795"
"2019-11-17 06:00:00.000","ron","21214"
"2019-11-17 06:00:00.000","fin","18908"
"2019-11-17 07:00:00.000","fas","33585"
"2019-11-17 07:00:00.000","ara","33607"
"2019-11-17 07:00:00.000","ron","34782"
"2019-11-17 07:00:00.000","fin","34176"
"2019-11-17 07:00:00.000","hun","48308"
"2019-11-17 07:00:00.000","dan","29962"
"2019-11-17 07:00:00.000","ell","22230"
"2019-11-17 08:00:00.000","ell","17446"
"2019-11-17 08:00:00.000","hun","40876"
"2019-11-17 08:00:00.000","fas","29387"
"2019-11-17 08:00:00.000","ara","28433"
"2019-11-17 08:00:00.000","ron","30319"
"2019-11-17 08:00:00.000","fin","27958"
"2019-11-17 08:00:00.000","dan","25659"
"2019-11-17 09:00:00.000","ron","29658"
"2019-11-17 09:00:00.000","ara","27342"
"2019-11-17 09:00:00.000","hun","36292"
"2019-11-17 09:00:00.000","fas","27273"
"2019-11-17 09:00:00.000","fin","26271"
"2019-11-17 09:00:00.000","dan","26102"
"2019-11-17 09:00:00.000","ell","15840"
"2019-11-17 10:00:00.000","ell","21577"
"2019-11-17 10:00:00.000","fas","33427"
"2019-11-17 10:00:00.000","fin","33521"
"2019-11-17 10:00:00.000","ara","35092"
"2019-11-17 10:00:00.000","ron","34857"
"2019-11-17 10:00:00.000","dan","32142"
"2019-11-17 10:00:00.000","hun","46664"
"2019-11-17 11:00:00.000","ara","17947"
"2019-11-17 11:00:00.000","ron","21107"
"2019-11-17 11:00:00.000","ell","11807"
"2019-11-17 11:00:00.000","hun","25048"
"2019-11-17 11:00:00.000","dan","17492"
"2019-11-17 11:00:00.000","fin","18088"
"2019-11-17 11:00:00.000","fas","20552"
"2019-11-17 12:00:00.000","ara","35649"
"2019-11-17 12:00:00.000","ell","23261"
"2019-11-17 12:00:00.000","ron","37353"
"2019-11-17 12:00:00.000","fas","35817"
"2019-11-17 12:00:00.000","hun","47353"
"2019-11-17 12:00:00.000","dan","33364"
"2019-11-17 12:00:00.000","fin","35347"
"2019-11-17 13:00:00.000","fas","31515"
"2019-11-17 13:00:00.000","dan","29482"
"2019-11-17 13:00:00.000","ell","19612"
"2019-11-17 13:00:00.000","fin","30697"
"2019-11-17 13:00:00.000","hun","41114"
"2019-11-17 13:00:00.000","ara","30013"
"2019-11-17 13:00:00.000","ron","33004"
"2019-11-17 14:00:00.000","fas","23930"
"2019-11-17 14:00:00.000","ell","14203"
"2019-11-17 14:00:00.000","dan","21983"
"2019-11-17 14:00:00.000","ara","22646"
"2019-11-17 14:00:00.000","fin","22399"
"2019-11-17 14:00:00.000","hun","30737"
"2019-11-17 14:00:00.000","ron","24745"
"2019-11-17 15:00:00.000","fin","34044"
"2019-11-17 15:00:00.000","ron","34107"
"2019-11-17 15:00:00.000","dan","30856"
"2019-11-17 15:00:00.000","hun","44669"
"2019-11-17 15:00:00.000","ell","21767"
"2019-11-17 15:00:00.000","ara","32204"
"2019-11-17 15:00:00.000","fas","32993"
"2019-11-17 16:00:00.000","fas","19287"
"2019-11-17 16:00:00.000","ron","20914"
"2019-11-17 16:00:00.000","ara","18595"
"2019-11-17 16:00:00.000","fin","19800"
"2019-11-17 16:00:00.000","dan","19834"
"2019-11-17 16:00:00.000","hun","26252"
"2019-11-17 16:00:00.000","ell","11836"
"2019-11-17 17:00:00.000","dan","32745"
"2019-11-17 17:00:00.000","fas","36253"
"2019-11-17 17:00:00.000","ron","38419"
"2019-11-17 17:00:00.000","hun","48219"
"2019-11-17 17:00:00.000","ara","37018"
"2019-11-17 17:00:00.000","fin","36208"
"2019-11-17 17:00:00.000","ell","22602"
"2019-11-17 18:00:00.000","ara","32368"
"2019-11-17 18:00:00.000","fas","32700"
"2019-11-17 18:00:00.000","ron","35523"
"2019-11-17 18:00:00.000","fin","32322"
"2019-11-17 18:00:00.000","ell","20972"
"2019-11-17 18:00:00.000","hun","44274"
"2019-11-17 18:00:00.000","dan","29813"
"2019-11-17 19:00:00.000","hun","32419"
"2019-11-17 19:00:00.000","dan","20807"
"2019-11-17 19:00:00.000","ara","22424"
"2019-11-17 19:00:00.000","fin","22743"
"2019-11-17 19:00:00.000","fas","21841"
"2019-11-17 19:00:00.000","ell","14621"
"2019-11-17 19:00:00.000","ron","25857"
"2019-11-17 20:00:00.000","ara","32407"
"2019-11-17 20:00:00.000","fin","34532"
"2019-11-17 20:00:00.000","hun","48032"
"2019-11-17 20:00:00.000","dan","30788"
"2019-11-17 20:00:00.000","ron","36378"
"2019-11-17 20:00:00.000","ell","21471"
"2019-11-17 20:00:00.000","fas","34744"
"2019-11-17 21:00:00.000","fin","18294"
"2019-11-17 21:00:00.000","ell","12268"
"2019-11-17 21:00:00.000","fas","17818"
"2019-11-17 21:00:00.000","ara","16385"
"2019-11-17 21:00:00.000","hun","23000"
"2019-11-17 21:00:00.000","ron","19475"
"2019-11-17 21:00:00.000","dan","16439"
"2019-11-17 22:00:00.000","dan","34455"
"2019-11-17 22:00:00.000","fin","36694"
"2019-11-17 22:00:00.000","ron","38701"
"2019-11-17 22:00:00.000","fas","38112"
"2019-11-17 22:00:00.000","ara","37581"
"2019-11-17 22:00:00.000","ell","23651"
"2019-11-17 22:00:00.000","hun","53230"
"2019-11-17 23:00:00.000","dan","30708"
"2019-11-17 23:00:00.000","ron","35127"
"2019-11-17 23:00:00.000","fin","31847"
"2019-11-17 23:00:00.000","fas","34192"
"2019-11-17 23:00:00.000","ell","22081"
"2019-11-17 23:00:00.000","hun","47004"
"2019-11-17 23:00:00.000","ara","31553"
"2019-11-18 00:00:00.000","hun","31577"
"2019-11-18 00:00:00.000","ara","22763"
"2019-11-18 00:00:00.000","fas","22968"
"2019-11-18 00:00:00.000","ron","24246"
"2019-11-18 00:00:00.000","ell","14647"
"2019-11-18 00:00:00.000","fin","22365"
"2019-11-18 00:00:00.000","dan","20536"
"2019-11-18 01:00:00.000","dan","30330"
"2019-11-18 01:00:00.000","fin","34106"
"2019-11-18 01:00:00.000","ell","22969"
"2019-11-18 01:00:00.000","ara","34205"
"2019-11-18 01:00:00.000","hun","48380"
"2019-11-18 01:00:00.000","fas","32849"
"2019-11-18 01:00:00.000","ron","34391"
"2019-11-18 02:00:00.000","ara","19464"
"2019-11-18 02:00:00.000","hun","28384"
"2019-11-18 02:00:00.000","ell","13289"
"2019-11-18 02:00:00.000","fas","17850"
"2019-11-18 02:00:00.000","fin","19288"
"2019-11-18 02:00:00.000","dan","19223"
"2019-11-18 02:00:00.000","ron","21429"
"2019-11-18 03:00:00.000","fin","33789"
"2019-11-18 03:00:00.000","hun","48747"
"2019-11-18 03:00:00.000","dan","33773"
"2019-11-18 03:00:00.000","ron","36762"
"2019-11-18 03:00:00.000","fas","30209"
"2019-11-18 03:00:00.000","ara","34183"
"2019-11-18 03:00:00.000","ell","20814"
"2019-11-18 04:00:00.000","fas","32388"
"2019-11-18 04:00:00.000","hun","48116"
"2019-11-18 04:00:00.000","ron","35522"
"2019-11-18 04:00:00.000","ara","30480"
"2019-11-18 04:00:00.000","dan","31565"
"2019-11-18 04:00:00.000","fin","32099"
"2019-11-18 04:00:00.000","ell","20980"
"2019-11-18 05:00:00.000","fin","18317"
"2019-11-18 05:00:00.000","ell","13043"
"2019-11-18 05:00:00.000","hun","28658"
"2019-11-18 05:00:00.000","ara","19874"
"2019-11-18 05:00:00.000","fas","17306"
"2019-11-18 05:00:00.000","ron","22447"
"2019-11-18 05:00:00.000","dan","17918"
"2019-11-18 06:00:00.000","ara","33311"
"2019-11-18 06:00:00.000","fin","32228"
"2019-11-18 06:00:00.000","ron","35463"
"2019-11-18 06:00:00.000","hun","49518"
"2019-11-18 06:00:00.000","fas","31590"
"2019-11-18 06:00:00.000","ell","21741"
"2019-11-18 06:00:00.000","dan","30408"
"2019-11-18 07:00:00.000","ara","21396"
"2019-11-18 07:00:00.000","dan","22390"
"2019-11-18 07:00:00.000","fas","21440"
"2019-11-18 07:00:00.000","hun","30360"
"2019-11-18 07:00:00.000","ell","13542"
"2019-11-18 07:00:00.000","ron","24062"
"2019-11-18 07:00:00.000","fin","22101"
"2019-11-18 08:00:00.000","ara","31018"
"2019-11-18 08:00:00.000","ell","19412"
"2019-11-18 08:00:00.000","fin","31193"
"2019-11-18 08:00:00.000","dan","29274"
"2019-11-18 08:00:00.000","fas","31682"
"2019-11-18 08:00:00.000","hun","43858"
"2019-11-18 08:00:00.000","ron","33660"
"2019-11-18 09:00:00.000","ell","20638"
"2019-11-18 09:00:00.000","hun","48660"
"2019-11-18 09:00:00.000","ara","33537"
"2019-11-18 09:00:00.000","dan","29938"
"2019-11-18 09:00:00.000","ron","34898"
"2019-11-18 09:00:00.000","fin","32797"
"2019-11-18 09:00:00.000","fas","36046"
"2019-11-18 10:00:00.000","ara","20500"
"2019-11-18 10:00:00.000","dan","20934"
"2019-11-18 10:00:00.000","fin","20962"
"2019-11-18 10:00:00.000","hun","28162"
"2019-11-18 10:00:00.000","ell","14304"
"2019-11-18 10:00:00.000","fas","21099"
"2019-11-18 10:00:00.000","ron","24556"
"2019-11-18 11:00:00.000","ara","35192"
"2019-11-18 11:00:00.000","ron","36334"
"2019-11-18 11:00:00.000","dan","33250"
"2019-11-18 11:00:00.000","hun","47522"
"2019-11-18 11:00:00.000","ell","21632"
"2019-11-18 11:00:00.000","fas","37148"
"2019-11-18 11:00:00.000","fin","35395"
"2019-11-18 12:00:00.000","ell","16007"
"2019-11-18 12:00:00.000","ara","23899"
"2019-11-18 12:00:00.000","fas","25881"
"2019-11-18 12:00:00.000","fin","22617"
"2019-11-18 12:00:00.000","dan","24045"
"2019-11-18 12:00:00.000","ron","28032"
"2019-11-18 12:00:00.000","hun","34844"
"2019-11-18 13:00:00.000","hun","40325"
"2019-11-18 13:00:00.000","ell","17051"
"2019-11-18 13:00:00.000","dan","27086"
"2019-11-18 13:00:00.000","fin","28086"
"2019-11-18 13:00:00.000","ara","27989"
"2019-11-18 13:00:00.000","ron","30733"
"2019-11-18 13:00:00.000","fas","31054"
"2019-11-18 14:00:00.000","ell","20809"
"2019-11-18 14:00:00.000","fas","36560"
"2019-11-18 14:00:00.000","dan","31215"
"2019-11-18 14:00:00.000","ara","31354"
"2019-11-18 14:00:00.000","hun","47185"
"2019-11-18 14:00:00.000","fin","33680"
"2019-11-18 14:00:00.000","ron","33938"
"2019-11-18 15:00:00.000","fin","19286"
"2019-11-18 15:00:00.000","ara","19272"
"2019-11-18 15:00:00.000","ron","21870"
"2019-11-18 15:00:00.000","ell","12152"
"2019-11-18 15:00:00.000","hun","29781"
"2019-11-18 15:00:00.000","fas","21190"
"2019-11-18 15:00:00.000","dan","19151"
"2019-11-18 16:00:00.000","fin","33169"
"2019-11-18 16:00:00.000","ell","20652"
"2019-11-18 16:00:00.000","ara","32471"
"2019-11-18 16:00:00.000","dan","30662"
"2019-11-18 16:00:00.000","fas","35830"
"2019-11-18 16:00:00.000","hun","47669"
"2019-11-18 16:00:00.000","ron","36818"
"2019-11-18 17:00:00.000","dan","28226"
"2019-11-18 17:00:00.000","ara","27525"
"2019-11-18 17:00:00.000","ell","19748"
"2019-11-18 17:00:00.000","hun","41543"
"2019-11-18 17:00:00.000","fin","30273"
"2019-11-18 17:00:00.000","fas","33431"
"2019-11-18 17:00:00.000","ron","32216"
"2019-11-18 18:00:00.000","ron","26207"
"2019-11-18 18:00:00.000","dan","23227"
"2019-11-18 18:00:00.000","fin","23612"
"2019-11-18 18:00:00.000","ara","25223"
"2019-11-18 18:00:00.000","hun","34352"
"2019-11-18 18:00:00.000","fas","26220"
"2019-11-18 18:00:00.000","ell","15849"
"2019-11-18 19:00:00.000","dan","30664"
"2019-11-18 19:00:00.000","ara","33272"
"2019-11-18 19:00:00.000","ron","33457"
"2019-11-18 19:00:00.000","hun","44315"
"2019-11-18 19:00:00.000","fas","36459"
"2019-11-18 19:00:00.000","fin","32542"
"2019-11-18 19:00:00.000","ell","21148"
"2019-11-18 20:00:00.000","fin","18735"
"2019-11-18 20:00:00.000","fas","22330"
"2019-11-18 20:00:00.000","ell","12170"
"2019-11-18 20:00:00.000","hun","26529"
"2019-11-18 20:00:00.000","ron","21861"
"2019-11-18 20:00:00.000","dan","19060"
"2019-11-18 20:00:00.000","ara","19208"
"2019-11-18 21:00:00.000","hun","49157"
"2019-11-18 21:00:00.000","fas","35552"
"2019-11-18 21:00:00.000","ara","33278"
"2019-11-18 21:00:00.000","ron","37048"
"2019-11-18 21:00:00.000","ell","21344"
"2019-11-18 21:00:00.000","fin","35119"
"2019-11-18 21:00:00.000","dan","32494"
"2019-11-18 22:00:00.000","ara","27006"
"2019-11-18 22:00:00.000","ron","33541"
"2019-11-18 22:00:00.000","fin","30313"
"2019-11-18 22:00:00.000","dan","27681"
"2019-11-18 22:00:00.000","fas","31861"
"2019-11-18 22:00:00.000","hun","42236"
"2019-11-18 22:00:00.000","ell","18651"
"2019-11-18 23:00:00.000","dan","22639"
"2019-11-18 23:00:00.000","ara","24171"
"2019-11-18 23:00:00.000","hun","35025"
"2019-11-18 23:00:00.000","ell","15094"
"2019-11-18 23:00:00.000","ron","27845"
"2019-11-18 23:00:00.000","fin","23534"
"2019-11-18 23:00:00.000","fas","24881"
"2019-11-19 00:00:00.000","ara","32759"
"2019-11-19 00:00:00.000","dan","29575"
"2019-11-19 00:00:00.000","ron","35438"
"2019-11-19 00:00:00.000","ell","20281"
"2019-11-19 00:00:00.000","fin","32655"
"2019-11-19 00:00:00.000","fas","34368"
"2019-11-19 00:00:00.000","hun","47049"
"2019-11-19 01:00:00.000","fas","21950"
"2019-11-19 01:00:00.000","ell","12322"
"2019-11-19 01:00:00.000","ron","20852"
"2019-11-19 01:00:00.000","hun","25387"
"2019-11-19 01:00:00.000","dan","17347"
"2019-11-19 01:00:00.000","fin","19545"
"2019-11-19 01:00:00.000","ara","18102"
"2019-11-19 02:00:00.000","ara","36437"
"2019-11-19 02:00:00.000","ron","37384"
"2019-11-19 02:00:00.000","fas","38323"
"2019-11-19 02:00:00.000","dan","34907"
"2019-11-19 02:00:00.000","ell","21141"
"2019-11-19 02:00:00.000","fin","33821"
"2019-11-19 02:00:00.000","hun","47549"
"2019-11-19 03:00:00.000","ron","33951"
"2019-11-19 03:00:00.000","ara","32902"
"2019-11-19 03:00:00.000","hun","45369"
"2019-11-19 03:00:00.000","fas","34678"
"2019-11-19 03:00:00.000","fin","31594"
"2019-11-19 03:00:00.000","dan","31557"
"2019-11-19 03:00:00.000","ell","20557"
"2019-11-19 04:00:00.000","fin","21280"
"2019-11-19 04:00:00.000","ell","13740"
"2019-11-19 04:00:00.000","fas","22055"
"2019-11-19 04:00:00.000","dan","20395"
"2019-11-19 04:00:00.000","hun","30958"
"2019-11-19 04:00:00.000","ara","21549"
"2019-11-19 04:00:00.000","ron","23591"
"2019-11-19 05:00:00.000","hun","45597"
"2019-11-19 05:00:00.000","dan","28158"
"2019-11-19 05:00:00.000","fin","31169"
"2019-11-19 05:00:00.000","fas","33804"
"2019-11-19 05:00:00.000","ara","30916"
"2019-11-19 05:00:00.000","ron","33291"
"2019-11-19 05:00:00.000","ell","21505"
"2019-11-19 06:00:00.000","ron","20651"
"2019-11-19 06:00:00.000","ell","11989"
"2019-11-19 06:00:00.000","fin","19128"
"2019-11-19 06:00:00.000","dan","18055"
"2019-11-19 06:00:00.000","fas","21940"
"2019-11-19 06:00:00.000","hun","28265"
"2019-11-19 06:00:00.000","ara","18885"
"2019-11-19 07:00:00.000","fin","31755"
"2019-11-19 07:00:00.000","fas","36267"
"2019-11-19 07:00:00.000","dan","30589"
"2019-11-19 07:00:00.000","ron","34335"
"2019-11-19 07:00:00.000","ell","20832"
"2019-11-19 07:00:00.000","ara","33381"
"2019-11-19 07:00:00.000","hun","47991"
"2019-11-19 08:00:00.000","fin","32120"
"2019-11-19 08:00:00.000","hun","45068"
"2019-11-19 08:00:00.000","ara","31012"
"2019-11-19 08:00:00.000","ell","20639"
"2019-11-19 08:00:00.000","dan","29005"
"2019-11-19 08:00:00.000","fas","36527"
"2019-11-19 08:00:00.000","ron","33714"
"2019-11-19 09:00:00.000","ron","23708"
"2019-11-19 09:00:00.000","hun","30270"
"2019-11-19 09:00:00.000","dan","20108"
"2019-11-19 09:00:00.000","fas","23613"
"2019-11-19 09:00:00.000","ara","20687"
"2019-11-19 09:00:00.000","ell","13392"
"2019-11-19 09:00:00.000","fin","22408"
"2019-11-19 10:00:00.000","ron","33873"
"2019-11-19 10:00:00.000","ell","21198"
"2019-11-19 10:00:00.000","fin","33303"
"2019-11-19 10:00:00.000","ara","32541"
"2019-11-19 10:00:00.000","dan","30472"
"2019-11-19 10:00:00.000","hun","45769"
"2019-11-19 10:00:00.000","fas","35369"
"2019-11-19 11:00:00.000","ron","27098"
"2019-11-19 11:00:00.000","fin","23070"
"2019-11-19 11:00:00.000","fas","27397"
"2019-11-19 11:00:00.000","dan","23724"
"2019-11-19 11:00:00.000","hun","34530"
"2019-11-19 11:00:00.000","ell","16070"
"2019-11-19 11:00:00.000","ara","24288"
"2019-11-19 12:00:00.000","ell","16576"
"2019-11-19 12:00:00.000","dan","27350"
"2019-11-19 12:00:00.000","ara","30122"
"2019-11-19 12:00:00.000","ron","30941"
"2019-11-19 12:00:00.000","hun","40412"
"2019-11-19 12:00:00.000","fas","29119"
"2019-11-19 12:00:00.000","fin","28817"
"2019-11-19 13:00:00.000","ron","33485"
"2019-11-19 13:00:00.000","dan","30703"
"2019-11-19 13:00:00.000","hun","47351"
"2019-11-19 13:00:00.000","fas","35089"
"2019-11-19 13:00:00.000","ell","18943"
"2019-11-19 13:00:00.000","ara","33493"
"2019-11-19 13:00:00.000","fin","32303"
"2019-11-19 14:00:00.000","hun","25494"
"2019-11-19 14:00:00.000","ell","9917"
"2019-11-19 14:00:00.000","dan","16275"
"2019-11-19 14:00:00.000","fin","17843"
"2019-11-19 14:00:00.000","ron","20211"
"2019-11-19 14:00:00.000","fas","19723"
"2019-11-19 14:00:00.000","ara","19025"
"2019-11-19 15:00:00.000","ara","28934"
"2019-11-19 15:00:00.000","dan","23441"
"2019-11-19 15:00:00.000","fas","28931"
"2019-11-19 15:00:00.000","ell","15982"
"2019-11-19 15:00:00.000","hun","38735"
"2019-11-19 15:00:00.000","ron","28100"
"2019-11-19 15:00:00.000","fin","26791"
"2019-11-19 16:00:00.000","dan","20704"
"2019-11-19 16:00:00.000","fas","24601"
"2019-11-19 16:00:00.000","ron","25092"
"2019-11-19 16:00:00.000","ara","24247"
"2019-11-19 16:00:00.000","hun","31582"
"2019-11-19 16:00:00.000","fin","22692"
"2019-11-19 16:00:00.000","ell","13601"
"2019-11-19 17:00:00.000","ara","24414"
"2019-11-19 17:00:00.000","hun","34866"
"2019-11-19 17:00:00.000","ell","15147"
"2019-11-19 17:00:00.000","fin","23690"
"2019-11-19 17:00:00.000","ron","26526"
"2019-11-19 17:00:00.000","fas","26836"
"2019-11-19 17:00:00.000","dan","21151"
"2019-11-19 18:00:00.000","fas","36810"
"2019-11-19 18:00:00.000","dan","28565"
"2019-11-19 18:00:00.000","hun","46549"
"2019-11-19 18:00:00.000","ron","34941"
"2019-11-19 18:00:00.000","ell","20897"
"2019-11-19 18:00:00.000","ara","33831"
"2019-11-19 18:00:00.000","fin","33723"
"2019-11-19 19:00:00.000","hun","24198"
"2019-11-19 19:00:00.000","fin","18245"
"2019-11-19 19:00:00.000","ron","20669"
"2019-11-19 19:00:00.000","ell","10335"
"2019-11-19 19:00:00.000","fas","21765"
"2019-11-19 19:00:00.000","ara","17534"
"2019-11-19 19:00:00.000","dan","17806"
"2019-11-19 20:00:00.000","fas","37719"
"2019-11-19 20:00:00.000","fin","33962"
"2019-11-19 20:00:00.000","ron","39250"
"2019-11-19 20:00:00.000","ara","35605"
"2019-11-19 20:00:00.000","dan","32311"
"2019-11-19 20:00:00.000","hun","49238"
"2019-11-19 20:00:00.000","ell","21624"
"2019-11-19 21:00:00.000","hun","42920"
"2019-11-19 21:00:00.000","fin","29444"
"2019-11-19 21:00:00.000","fas","33034"
"2019-11-19 21:00:00.000","ell","20465"
"2019-11-19 21:00:00.000","dan","27727"
"2019-11-19 21:00:00.000","ara","28707"
"2019-11-19 21:00:00.000","ron","33837"
"2019-11-19 22:00:00.000","ara","23743"
"2019-11-19 22:00:00.000","fin","21727"
"2019-11-19 22:00:00.000","hun","31547"
"2019-11-19 22:00:00.000","dan","23516"
"2019-11-19 22:00:00.000","ell","15261"
"2019-11-19 22:00:00.000","ron","24677"
"2019-11-19 22:00:00.000","fas","26524"
"2019-11-19 23:00:00.000","hun","44940"
"2019-11-19 23:00:00.000","ell","21154"
"2019-11-19 23:00:00.000","fas","37791"
"2019-11-19 23:00:00.000","ara","33736"
"2019-11-19 23:00:00.000","ron","34177"
"2019-11-19 23:00:00.000","fin","32532"
"2019-11-19 23:00:00.000","dan","31582"
"2019-11-20 00:00:00.000","fin","17538"
"2019-11-20 00:00:00.000","hun","23707"
"2019-11-20 00:00:00.000","dan","17806"
"2019-11-20 00:00:00.000","ron","20495"
"2019-11-20 00:00:00.000","ara","17321"
"2019-11-20 00:00:00.000","ell","11610"
"2019-11-20 00:00:00.000","fas","19863"
"2019-11-20 01:00:00.000","fas","39014"
"2019-11-20 01:00:00.000","dan","31854"
"2019-11-20 01:00:00.000","ell","21492"
"2019-11-20 01:00:00.000","ara","37276"
"2019-11-20 01:00:00.000","ron","37326"
"2019-11-20 01:00:00.000","fin","36071"
"2019-11-20 01:00:00.000","hun","51387"
"2019-11-20 02:00:00.000","ell","19598"
"2019-11-20 02:00:00.000","dan","28717"
"2019-11-20 02:00:00.000","ara","32378"
"2019-11-20 02:00:00.000","fas","37733"
"2019-11-20 02:00:00.000","ron","34159"
"2019-11-20 02:00:00.000","fin","30986"
"2019-11-20 02:00:00.000","hun","46220"
"2019-11-20 03:00:00.000","fas","23845"
"2019-11-20 03:00:00.000","ron","22463"
"2019-11-20 03:00:00.000","fin","21011"
"2019-11-20 03:00:00.000","ara","20820"
"2019-11-20 03:00:00.000","ell","11766"
"2019-11-20 03:00:00.000","hun","28063"
"2019-11-20 03:00:00.000","dan","20965"
"2019-11-20 04:00:00.000","dan","31875"
"2019-11-20 04:00:00.000","fas","36551"
"2019-11-20 04:00:00.000","ara","34880"
"2019-11-20 04:00:00.000","fin","32085"
"2019-11-20 04:00:00.000","ell","20076"
"2019-11-20 04:00:00.000","ron","34708"
"2019-11-20 04:00:00.000","hun","45448"
"2019-11-20 05:00:00.000","fin","19592"
"2019-11-20 05:00:00.000","hun","27110"
"2019-11-20 05:00:00.000","ell","12456"
"2019-11-20 05:00:00.000","dan","19363"
"2019-11-20 05:00:00.000","ara","19989"
"2019-11-20 05:00:00.000","fas","23366"
"2019-11-20 05:00:00.000","ron","21863"
"2019-11-20 06:00:00.000","ell","19712"
"2019-11-20 06:00:00.000","ron","34385"
"2019-11-20 06:00:00.000","fas","37168"
"2019-11-20 06:00:00.000","hun","46068"
"2019-11-20 06:00:00.000","fin","31799"
"2019-11-20 06:00:00.000","ara","32214"
"2019-11-20 06:00:00.000","dan","29632"
"2019-11-20 07:00:00.000","ara","31938"
"2019-11-20 07:00:00.000","fin","31021"
"2019-11-20 07:00:00.000","fas","36202"
"2019-11-20 07:00:00.000","ron","33674"
"2019-11-20 07:00:00.000","ell","20049"
"2019-11-20 07:00:00.000","hun","44025"
"2019-11-20 07:00:00.000","dan","28413"
"2019-11-20 08:00:00.000","fin","19280"
"2019-11-20 08:00:00.000","ron","22747"
"2019-11-20 08:00:00.000","hun","26952"
"2019-11-20 08:00:00.000","fas","23395"
"2019-11-20 08:00:00.000","ell","12199"
"2019-11-20 08:00:00.000","dan","19114"
"2019-11-20 08:00:00.000","ara","18961"
"2019-11-20 09:00:00.000","fin","33445"
"2019-11-20 09:00:00.000","ara","35282"
"2019-11-20 09:00:00.000","ron","34740"
"2019-11-20 09:00:00.000","dan","30154"
"2019-11-20 09:00:00.000","ell","20216"
"2019-11-20 09:00:00.000","hun","46302"
"2019-11-20 09:00:00.000","fas","37589"
"2019-11-20 10:00:00.000","ron","28191"
"2019-11-20 10:00:00.000","ara","24431"
"2019-11-20 10:00:00.000","fin","25005"
"2019-11-20 10:00:00.000","hun","36452"
"2019-11-20 10:00:00.000","dan","22360"
"2019-11-20 10:00:00.000","fas","30474"
"2019-11-20 10:00:00.000","ell","16212"
"2019-11-20 11:00:00.000","fin","28521"
"2019-11-20 11:00:00.000","hun","38954"
"2019-11-20 11:00:00.000","ell","18219"
"2019-11-20 11:00:00.000","dan","26957"
"2019-11-20 11:00:00.000","ron","32056"
"2019-11-20 11:00:00.000","fas","32661"
"2019-11-20 11:00:00.000","ara","30284"
"2019-11-20 12:00:00.000","fin","32869"
"2019-11-20 12:00:00.000","dan","30321"
"2019-11-20 12:00:00.000","hun","43955"
"2019-11-20 12:00:00.000","ara","34661"
"2019-11-20 12:00:00.000","ron","35831"
"2019-11-20 12:00:00.000","fas","34840"
"2019-11-20 12:00:00.000","ell","20775"
"2019-11-20 13:00:00.000","fin","19718"
"2019-11-20 13:00:00.000","ron","20764"
"2019-11-20 13:00:00.000","ell","11356"
"2019-11-20 13:00:00.000","dan","18298"
"2019-11-20 13:00:00.000","fas","22158"
"2019-11-20 13:00:00.000","hun","27505"
"2019-11-20 13:00:00.000","ara","18493"
"2019-11-20 14:00:00.000","fas","37900"
"2019-11-20 14:00:00.000","ara","34516"
"2019-11-20 14:00:00.000","dan","30020"
"2019-11-20 14:00:00.000","ron","35395"
"2019-11-20 14:00:00.000","fin","33018"
"2019-11-20 14:00:00.000","ell","20675"
"2019-11-20 14:00:00.000","hun","46309"
"2019-11-20 15:00:00.000","dan","27641"
"2019-11-20 15:00:00.000","ell","18247"
"2019-11-20 15:00:00.000","hun","40238"
"2019-11-20 15:00:00.000","ron","31147"
"2019-11-20 15:00:00.000","fas","33294"
"2019-11-20 15:00:00.000","ara","29385"
"2019-11-20 15:00:00.000","fin","27518"
"2019-11-20 16:00:00.000","fas","26871"
"2019-11-20 16:00:00.000","hun","32817"
"2019-11-20 16:00:00.000","ron","26267"
"2019-11-20 16:00:00.000","fin","22082"
"2019-11-20 16:00:00.000","dan","22030"
"2019-11-20 16:00:00.000","ell","14694"
"2019-11-20 16:00:00.000","ara","25144"
"2019-11-20 17:00:00.000","ara","34269"
"2019-11-20 17:00:00.000","ron","35320"
"2019-11-20 17:00:00.000","fas","35156"
"2019-11-20 17:00:00.000","hun","45623"
"2019-11-20 17:00:00.000","ell","20340"
"2019-11-20 17:00:00.000","dan","30326"
"2019-11-20 17:00:00.000","fin","31934"
"2019-11-20 18:00:00.000","fas","20933"
"2019-11-20 18:00:00.000","ell","11409"
"2019-11-20 18:00:00.000","hun","25237"
"2019-11-20 18:00:00.000","fin","18543"
"2019-11-20 18:00:00.000","ara","17458"
"2019-11-20 18:00:00.000","dan","17838"
"2019-11-20 18:00:00.000","ron","20924"
"2019-11-20 19:00:00.000","hun","47636"
"2019-11-20 19:00:00.000","ell","21319"
"2019-11-20 19:00:00.000","fas","38970"
"2019-11-20 19:00:00.000","dan","31760"
"2019-11-20 19:00:00.000","ron","36363"
"2019-11-20 19:00:00.000","ara","36072"
"2019-11-20 19:00:00.000","fin","35085"
"2019-11-20 20:00:00.000","ara","32636"
"2019-11-20 20:00:00.000","ell","20068"
"2019-11-20 20:00:00.000","ron","33004"
"2019-11-20 20:00:00.000","fin","30701"
"2019-11-20 20:00:00.000","hun","44371"
"2019-11-20 20:00:00.000","fas","35460"
"2019-11-20 20:00:00.000","dan","29131"
"2019-11-20 21:00:00.000","fin","21163"
"2019-11-20 21:00:00.000","dan","19491"
"2019-11-20 21:00:00.000","ron","22672"
"2019-11-20 21:00:00.000","ell","13002"
"2019-11-20 21:00:00.000","hun","29248"
"2019-11-20 21:00:00.000","fas","22467"
"2019-11-20 21:00:00.000","ara","20750"
"2019-11-20 22:00:00.000","ara","32595"
"2019-11-20 22:00:00.000","ron","33474"
"2019-11-20 22:00:00.000","dan","29007"
"2019-11-20 22:00:00.000","fas","35647"
"2019-11-20 22:00:00.000","ell","19604"
"2019-11-20 22:00:00.000","hun","45270"
"2019-11-20 22:00:00.000","fin","33820"
"2019-11-20 23:00:00.000","fas","22323"
"2019-11-20 23:00:00.000","ell","12648"
"2019-11-20 23:00:00.000","hun","26525"
"2019-11-20 23:00:00.000","dan","18215"
"2019-11-20 23:00:00.000","ron","21581"
"2019-11-20 23:00:00.000","ara","19648"
"2019-11-20 23:00:00.000","fin","19662"
"2019-11-21 00:00:00.000","hun","48500"
"2019-11-21 00:00:00.000","fas","37506"
"2019-11-21 00:00:00.000","ara","36272"
"2019-11-21 00:00:00.000","fin","34469"
"2019-11-21 00:00:00.000","ron","36881"
"2019-11-21 00:00:00.000","dan","33462"
"2019-11-21 00:00:00.000","ell","20833"
"2019-11-21 01:00:00.000","hun","44564"
"2019-11-21 01:00:00.000","ron","36481"
"2019-11-21 01:00:00.000","dan","31354"
"2019-11-21 01:00:00.000","fas","37066"
"2019-11-21 01:00:00.000","ara","33809"
"2019-11-21 01:00:00.000","fin","32436"
"2019-11-21 01:00:00.000","ell","21762"
"2019-11-21 02:00:00.000","fas","22235"
"2019-11-21 02:00:00.000","fin","19475"
"2019-11-21 02:00:00.000","ara","21398"
"2019-11-21 02:00:00.000","ron","21239"
"2019-11-21 02:00:00.000","hun","26322"
"2019-11-21 02:00:00.000","ell","12088"
"2019-11-21 02:00:00.000","dan","19284"
"2019-11-21 03:00:00.000","fin","35126"
"2019-11-21 03:00:00.000","fas","39730"
"2019-11-21 03:00:00.000","dan","32358"
"2019-11-21 03:00:00.000","ron","35533"
"2019-11-21 03:00:00.000","ell","21624"
"2019-11-21 03:00:00.000","ara","35534"
"2019-11-21 03:00:00.000","hun","47609"
"2019-11-21 04:00:00.000","ell","13866"
"2019-11-21 04:00:00.000","ron","23909"
"2019-11-21 04:00:00.000","hun","30087"
"2019-11-21 04:00:00.000","ara","20438"
"2019-11-21 04:00:00.000","dan","20934"
"2019-11-21 04:00:00.000","fin","21158"
"2019-11-21 04:00:00.000","fas","24545"
"2019-11-21 05:00:00.000","ell","21291"
"2019-11-21 05:00:00.000","fin","31846"
"2019-11-21 05:00:00.000","fas","36348"
"2019-11-21 05:00:00.000","hun","46621"
"2019-11-21 05:00:00.000","dan","30480"
"2019-11-21 05:00:00.000","ara","32318"
"2019-11-21 05:00:00.000","ron","32966"
"2019-11-21 06:00:00.000","ron","32865"
"2019-11-21 06:00:00.000","ara","31653"
"2019-11-21 06:00:00.000","hun","46344"
"2019-11-21 06:00:00.000","fas","36240"
"2019-11-21 06:00:00.000","ell","20439"
"2019-11-21 06:00:00.000","fin","30277"
"2019-11-21 06:00:00.000","dan","30649"
"2019-11-21 07:00:00.000","dan","18652"
"2019-11-21 07:00:00.000","ron","20933"
"2019-11-21 07:00:00.000","ell","10903"
"2019-11-21 07:00:00.000","hun","27841"
"2019-11-21 07:00:00.000","ara","20906"
"2019-11-21 07:00:00.000","fas","21230"
"2019-11-21 07:00:00.000","fin","17877"
"2019-11-21 08:00:00.000","dan","30960"
"2019-11-21 08:00:00.000","ron","34219"
"2019-11-21 08:00:00.000","fin","31611"
"2019-11-21 08:00:00.000","fas","35290"
"2019-11-21 08:00:00.000","hun","45200"
"2019-11-21 08:00:00.000","ell","20935"
"2019-11-21 08:00:00.000","ara","35386"
"2019-11-21 09:00:00.000","fin","24634"
"2019-11-21 09:00:00.000","hun","33820"
"2019-11-21 09:00:00.000","ron","28187"
"2019-11-21 09:00:00.000","dan","24750"
"2019-11-21 09:00:00.000","fas","28971"
"2019-11-21 09:00:00.000","ell","14894"
"2019-11-21 09:00:00.000","ara","25995"
"2019-11-21 10:00:00.000","ell","17405"
"2019-11-21 10:00:00.000","dan","23864"
"2019-11-21 10:00:00.000","hun","35793"
"2019-11-21 10:00:00.000","fin","26517"
"2019-11-21 10:00:00.000","fas","31172"
"2019-11-21 10:00:00.000","ron","27488"
"2019-11-21 10:00:00.000","ara","25365"
"2019-11-21 11:00:00.000","fin","31599"
"2019-11-21 11:00:00.000","dan","27920"
"2019-11-21 11:00:00.000","ell","21166"
"2019-11-21 11:00:00.000","fas","37212"
"2019-11-21 11:00:00.000","ron","33121"
"2019-11-21 11:00:00.000","hun","44254"
"2019-11-21 11:00:00.000","ara","30795"
"2019-11-21 12:00:00.000","ara","16340"
"2019-11-21 12:00:00.000","fas","20246"
"2019-11-21 12:00:00.000","fin","17566"
"2019-11-21 12:00:00.000","hun","23319"
"2019-11-21 12:00:00.000","dan","17143"
"2019-11-21 12:00:00.000","ell","11194"
"2019-11-21 12:00:00.000","ron","20323"
"2019-11-21 13:00:00.000","dan","32997"
"2019-11-21 13:00:00.000","fin","34070"
"2019-11-21 13:00:00.000","ara","33711"
"2019-11-21 13:00:00.000","ron","33924"
"2019-11-21 13:00:00.000","fas","40612"
"2019-11-21 13:00:00.000","hun","45153"
"2019-11-21 13:00:00.000","ell","22148"
"2019-11-21 14:00:00.000","fin","30178"
"2019-11-21 14:00:00.000","hun","42045"
"2019-11-21 14:00:00.000","ron","31696"
"2019-11-21 14:00:00.000","dan","29124"
"2019-11-21 14:00:00.000","fas","37304"
"2019-11-21 14:00:00.000","ell","19832"
"2019-11-21 14:00:00.000","ara","30433"
"2019-11-21 15:00:00.000","hun","29052"
"2019-11-21 15:00:00.000","ron","22245"
"2019-11-21 15:00:00.000","ell","12908"
"2019-11-21 15:00:00.000","dan","19495"
"2019-11-21 15:00:00.000","fas","24623"
"2019-11-21 15:00:00.000","fin","19937"
"2019-11-21 15:00:00.000","ara","21167"
"2019-11-21 16:00:00.000","fas","38862"
"2019-11-21 16:00:00.000","ara","32544"
"2019-11-21 16:00:00.000","dan","29919"
"2019-11-21 16:00:00.000","fin","30775"
"2019-11-21 16:00:00.000","ell","20290"
"2019-11-21 16:00:00.000","hun","41907"
"2019-11-21 16:00:00.000","ron","32372"
"2019-11-21 17:00:00.000","dan","21387"
"2019-11-21 17:00:00.000","fin","20893"
"2019-11-21 17:00:00.000","fas","26111"
"2019-11-21 17:00:00.000","ron","24032"
"2019-11-21 17:00:00.000","ell","13868"
"2019-11-21 17:00:00.000","ara","23445"
"2019-11-21 17:00:00.000","hun","30870"
"2019-11-21 18:00:00.000","fin","30645"
"2019-11-21 18:00:00.000","ara","32042"
"2019-11-21 18:00:00.000","dan","28201"
"2019-11-21 18:00:00.000","fas","38823"
"2019-11-21 18:00:00.000","ell","19834"
"2019-11-21 18:00:00.000","ron","31641"
"2019-11-21 18:00:00.000","hun","45057"
"2019-11-21 19:00:00.000","ara","31739"
"2019-11-21 19:00:00.000","dan","29157"
"2019-11-21 19:00:00.000","fin","31702"
"2019-11-21 19:00:00.000","fas","39713"
"2019-11-21 19:00:00.000","hun","46150"
"2019-11-21 19:00:00.000","ron","33675"
"2019-11-21 19:00:00.000","ell","20433"
"2019-11-21 20:00:00.000","fas","23016"
"2019-11-21 20:00:00.000","dan","18757"
"2019-11-21 20:00:00.000","hun","28924"
"2019-11-21 20:00:00.000","fin","19712"
"2019-11-21 20:00:00.000","ell","12118"
"2019-11-21 20:00:00.000","ron","22046"
"2019-11-21 20:00:00.000","ara","20535"
"2019-11-21 21:00:00.000","ell","20680"
"2019-11-21 21:00:00.000","fin","32033"
"2019-11-21 21:00:00.000","hun","45991"
"2019-11-21 21:00:00.000","ara","34232"
"2019-11-21 21:00:00.000","dan","29627"
"2019-11-21 21:00:00.000","ron","35861"
"2019-11-21 21:00:00.000","fas","41525"
"2019-11-21 22:00:00.000","ara","26899"
"2019-11-21 22:00:00.000","hun","38516"
"2019-11-21 22:00:00.000","ell","16733"
"2019-11-21 22:00:00.000","dan","25035"
"2019-11-21 22:00:00.000","fin","26388"
"2019-11-21 22:00:00.000","fas","33490"
"2019-11-21 22:00:00.000","ron","30162"
"2019-11-21 23:00:00.000","fas","36097"
"2019-11-21 23:00:00.000","ara","29823"
"2019-11-21 23:00:00.000","ell","17741"
"2019-11-21 23:00:00.000","dan","26290"
"2019-11-21 23:00:00.000","ron","30002"
"2019-11-21 23:00:00.000","fin","28218"
"2019-11-21 23:00:00.000","hun","38994"
"2019-11-22 00:00:00.000","ron","34617"
"2019-11-22 00:00:00.000","ara","34103"
"2019-11-22 00:00:00.000","fas","42085"
"2019-11-22 00:00:00.000","ell","20656"
"2019-11-22 00:00:00.000","dan","30946"
"2019-11-22 00:00:00.000","hun","47694"
"2019-11-22 00:00:00.000","fin","34381"
"2019-11-22 01:00:00.000","ara","18135"
"2019-11-22 01:00:00.000","ell","11218"
"2019-11-22 01:00:00.000","ron","22018"
"2019-11-22 01:00:00.000","hun","25468"
"2019-11-22 01:00:00.000","dan","18969"
"2019-11-22 01:00:00.000","fas","21801"
"2019-11-22 01:00:00.000","fin","19929"
"2019-11-22 02:00:00.000","fas","41312"
"2019-11-22 02:00:00.000","ara","33724"
"2019-11-22 02:00:00.000","hun","47213"
"2019-11-22 02:00:00.000","ron","35591"
"2019-11-22 02:00:00.000","ell","21394"
"2019-11-22 02:00:00.000","dan","30994"
"2019-11-22 02:00:00.000","fin","35417"
"2019-11-22 03:00:00.000","fin","28931"
"2019-11-22 03:00:00.000","hun","39358"
"2019-11-22 03:00:00.000","ell","16798"
"2019-11-22 03:00:00.000","ron","31471"
"2019-11-22 03:00:00.000","ara","26850"
"2019-11-22 03:00:00.000","dan","25750"
"2019-11-22 03:00:00.000","fas","35587"
"2019-11-22 04:00:00.000","ell","14802"
"2019-11-22 04:00:00.000","hun","34355"
"2019-11-22 04:00:00.000","dan","22363"
"2019-11-22 04:00:00.000","ron","26861"
"2019-11-22 04:00:00.000","fin","25972"
"2019-11-22 04:00:00.000","ara","25971"
"2019-11-22 04:00:00.000","fas","30838"
"2019-11-22 05:00:00.000","fas","38713"
"2019-11-22 05:00:00.000","hun","44179"
"2019-11-22 05:00:00.000","dan","28841"
"2019-11-22 05:00:00.000","ell","20931"
"2019-11-22 05:00:00.000","ara","32560"
"2019-11-22 05:00:00.000","ron","34086"
"2019-11-22 05:00:00.000","fin","34728"
"2019-11-22 06:00:00.000","ara","18888"
"2019-11-22 06:00:00.000","fin","19751"
"2019-11-22 06:00:00.000","dan","17854"
"2019-11-22 06:00:00.000","fas","24081"
"2019-11-22 06:00:00.000","hun","26662"
"2019-11-22 06:00:00.000","ron","22478"
"2019-11-22 06:00:00.000","ell","12726"
"2019-11-22 07:00:00.000","ron","36629"
"2019-11-22 07:00:00.000","ell","21189"
"2019-11-22 07:00:00.000","fas","44021"
"2019-11-22 07:00:00.000","dan","32698"
"2019-11-22 07:00:00.000","ara","35400"
"2019-11-22 07:00:00.000","fin","34460"
"2019-11-22 07:00:00.000","hun","49473"
"2019-11-22 08:00:00.000","dan","28139"
"2019-11-22 08:00:00.000","ron","32613"
"2019-11-22 08:00:00.000","ara","29384"
"2019-11-22 08:00:00.000","fin","29019"
"2019-11-22 08:00:00.000","ell","19230"
"2019-11-22 08:00:00.000","fas","38138"
"2019-11-22 08:00:00.000","hun","41857"
"2019-11-22 09:00:00.000","hun","30746"
"2019-11-22 09:00:00.000","fin","21208"
"2019-11-22 09:00:00.000","fas","25929"
"2019-11-22 09:00:00.000","dan","19842"
"2019-11-22 09:00:00.000","ara","20891"
"2019-11-22 09:00:00.000","ron","23010"
"2019-11-22 09:00:00.000","ell","13463"
"2019-11-22 10:00:00.000","ell","20501"
"2019-11-22 10:00:00.000","dan","30675"
"2019-11-22 10:00:00.000","fin","33312"
"2019-11-22 10:00:00.000","hun","46103"
"2019-11-22 10:00:00.000","ara","32800"
"2019-11-22 10:00:00.000","fas","40622"
"2019-11-22 10:00:00.000","ron","34500"
"2019-11-22 11:00:00.000","ron","19352"
"2019-11-22 11:00:00.000","ell","11028"
"2019-11-22 11:00:00.000","dan","18287"
"2019-11-22 11:00:00.000","fas","21435"
"2019-11-22 11:00:00.000","fin","18384"
"2019-11-22 11:00:00.000","ara","17188"
"2019-11-22 11:00:00.000","hun","25506"
"2019-11-22 12:00:00.000","ron","36611"
"2019-11-22 12:00:00.000","fas","43212"
"2019-11-22 12:00:00.000","ara","38097"
"2019-11-22 12:00:00.000","dan","33090"
"2019-11-22 12:00:00.000","fin","36251"
"2019-11-22 12:00:00.000","ell","21617"
"2019-11-22 12:00:00.000","hun","49538"
"2019-11-22 13:00:00.000","dan","29615"
"2019-11-22 13:00:00.000","ell","20464"
"2019-11-22 13:00:00.000","fas","39197"
"2019-11-22 13:00:00.000","hun","44707"
"2019-11-22 13:00:00.000","ara","32759"
"2019-11-22 13:00:00.000","fin","33386"
"2019-11-22 13:00:00.000","ron","34364"
"2019-11-22 14:00:00.000","fin","19076"
"2019-11-22 14:00:00.000","ron","20757"
"2019-11-22 14:00:00.000","hun","26711"
"2019-11-22 14:00:00.000","fas","21274"
"2019-11-22 14:00:00.000","dan","17144"
"2019-11-22 14:00:00.000","ell","10971"
"2019-11-22 14:00:00.000","ara","19200"
"2019-11-22 15:00:00.000","dan","30164"
"2019-11-22 15:00:00.000","ara","30550"
"2019-11-22 15:00:00.000","ell","19520"
"2019-11-22 15:00:00.000","ron","32205"
"2019-11-22 15:00:00.000","fin","31429"
"2019-11-22 15:00:00.000","hun","43405"
"2019-11-22 15:00:00.000","fas","37689"
"2019-11-22 16:00:00.000","ara","23777"
"2019-11-22 16:00:00.000","dan","22806"
"2019-11-22 16:00:00.000","hun","33556"
"2019-11-22 16:00:00.000","fas","28911"
"2019-11-22 16:00:00.000","ron","26195"
"2019-11-22 16:00:00.000","ell","13206"
"2019-11-22 16:00:00.000","fin","22784"
"2019-11-22 17:00:00.000","fas","35140"
"2019-11-22 17:00:00.000","dan","26404"
"2019-11-22 17:00:00.000","ron","29905"
"2019-11-22 17:00:00.000","fin","27413"
"2019-11-22 17:00:00.000","ara","29438"
"2019-11-22 17:00:00.000","hun","40002"
"2019-11-22 17:00:00.000","ell","17467"
"2019-11-22 18:00:00.000","fin","31502"
"2019-11-22 18:00:00.000","fas","39697"
"2019-11-22 18:00:00.000","ell","20689"
"2019-11-22 18:00:00.000","ara","33697"
"2019-11-22 18:00:00.000","hun","45877"
"2019-11-22 18:00:00.000","dan","29668"
"2019-11-22 18:00:00.000","ron","33123"
"2019-11-22 19:00:00.000","ron","21287"
"2019-11-22 19:00:00.000","ara","18711"
"2019-11-22 19:00:00.000","hun","28163"
"2019-11-22 19:00:00.000","fas","23254"
"2019-11-22 19:00:00.000","ell","12395"
"2019-11-22 19:00:00.000","dan","18526"
"2019-11-22 19:00:00.000","fin","18033"
"2019-11-22 20:00:00.000","ara","33723"
"2019-11-22 20:00:00.000","fas","40538"
"2019-11-22 20:00:00.000","hun","46486"
"2019-11-22 20:00:00.000","ell","20849"
"2019-11-22 20:00:00.000","ron","33586"
"2019-11-22 20:00:00.000","fin","32632"
"2019-11-22 20:00:00.000","dan","30278"
"2019-11-22 21:00:00.000","ell","18056"
"2019-11-22 21:00:00.000","hun","40620"
"2019-11-22 21:00:00.000","ron","31111"
"2019-11-22 21:00:00.000","dan","26709"
"2019-11-22 21:00:00.000","fas","36068"
"2019-11-22 21:00:00.000","ara","28708"
"2019-11-22 21:00:00.000","fin","27568"
"2019-11-22 22:00:00.000","hun","31817"
"2019-11-22 22:00:00.000","ara","25084"
"2019-11-22 22:00:00.000","ell","13956"
"2019-11-22 22:00:00.000","ron","25344"
"2019-11-22 22:00:00.000","dan","21069"
"2019-11-22 22:00:00.000","fin","21740"
"2019-11-22 22:00:00.000","fas","27896"
"2019-11-22 23:00:00.000","ara","32626"
"2019-11-22 23:00:00.000","dan","30521"
"2019-11-22 23:00:00.000","ell","20634"
"2019-11-22 23:00:00.000","fin","32673"
"2019-11-22 23:00:00.000","ron","34714"
"2019-11-22 23:00:00.000","hun","45329"
"2019-11-22 23:00:00.000","fas","39449"
"2019-11-23 00:00:00.000","ara","17189"
"2019-11-23 00:00:00.000","fas","20714"
"2019-11-23 00:00:00.000","dan","17000"
"2019-11-23 00:00:00.000","ron","19656"
"2019-11-23 00:00:00.000","hun","24925"
"2019-11-23 00:00:00.000","fin","16278"
"2019-11-23 00:00:00.000","ell","10294"
"2019-11-23 01:00:00.000","fas","41987"
"2019-11-23 01:00:00.000","fin","34569"
"2019-11-23 01:00:00.000","ell","21772"
"2019-11-23 01:00:00.000","hun","48394"
"2019-11-23 01:00:00.000","ara","36817"
"2019-11-23 01:00:00.000","dan","32695"
"2019-11-23 01:00:00.000","ron","37778"
"2019-11-23 02:00:00.000","ell","20269"
"2019-11-23 02:00:00.000","hun","43738"
"2019-11-23 02:00:00.000","dan","30235"
"2019-11-23 02:00:00.000","ara","32750"
"2019-11-23 02:00:00.000","ron","33885"
"2019-11-23 02:00:00.000","fas","38692"
"2019-11-23 02:00:00.000","fin","31792"
"2019-11-23 03:00:00.000","dan","4290"
"2019-11-23 03:00:00.000","ell","2876"
"2019-11-23 03:00:00.000","fin","5112"
"2019-11-23 03:00:00.000","ron","4936"
"2019-11-23 03:00:00.000","ara","4784"
"2019-11-23 03:00:00.000","hun","6274"
"2019-11-23 03:00:00.000","fas","4779"
